r_word,line_1,line_1_id,line_2,line_2_id,r_sounds,r_degree,r_scheme,authors_id,poem_id
die | high,"LOST to the world, to-morrow doom'd to die,",o4986-l16830, Still for my country's weal my heart beats high. ,o4986-l16835,/aɪ/ | /aɪ/,full,<b>a</b><b>a</b>,pers00210,o4986-w0400
high | die, Still for my country's weal my heart beats high. ,o4986-l16835,"LOST to the world, to-morrow doom'd to die,",o4986-l16830,/aɪ/ | /aɪ/,full,<b>a</b><b>a</b>,pers00210,o4986-w0400
round | sound,"Tho' rattling chains ring peals of horror round,",o4986-l16840," While night's black shades augment the savage sound,",o4986-l16845,/aʊnd/ | /aʊnd/,full,<b>a</b><b>a</b>,pers00210,o4986-w0400
sound | round," While night's black shades augment the savage sound,",o4986-l16845,"Tho' rattling chains ring peals of horror round,",o4986-l16840,/aʊnd/ | /aʊnd/,full,<b>a</b><b>a</b>,pers00210,o4986-w0400
free | thee," 'Midst bolts and bars the active soul is free,",o4986-l16850," And flies, unfetter'd, CAVENDISH, to thee. ",o4986-l16855,/iː/ | /iː/,full,<b>a</b><b>a</b>,pers00210,o4986-w0400
thee | free," And flies, unfetter'd, CAVENDISH, to thee. ",o4986-l16855," 'Midst bolts and bars the active soul is free,",o4986-l16850,/iː/ | /iː/,full,<b>a</b><b>a</b>,pers00210,o4986-w0400
days | praise,"Thou dear companion of my better days,",o4986-l16860, When hand in hand we trod the paths of Praise;,o4986-l16865,/eɪz/ | /eɪz/,full,<b>a</b><b>a</b>,pers00210,o4986-w0400
praise | days, When hand in hand we trod the paths of Praise;,o4986-l16865,"Thou dear companion of my better days,",o4986-l16860,/eɪz/ | /eɪz/,full,<b>a</b><b>a</b>,pers00210,o4986-w0400
cause | laws," When, leagu'd with patriots, we maintain'd the cause",o4986-l16870," Of true religion, liberty, and laws,",o4986-l16875,/ɔːz/ | /ɔːz/,full,<b>a</b><b>a</b>,pers00210,o4986-w0400
laws | cause," Of true religion, liberty, and laws,",o4986-l16875," When, leagu'd with patriots, we maintain'd the cause",o4986-l16870,/ɔːz/ | /ɔːz/,full,<b>a</b><b>a</b>,pers00210,o4986-w0400
glide | tide," Disdaining down the golden stream to glide,",o4986-l16880, But bravely stemm'd Corruption's rapid tide;,o4986-l16885,/aɪd/ | /aɪd/,full,<b>a</b><b>a</b>,pers00210,o4986-w0400
tide | glide, But bravely stemm'd Corruption's rapid tide;,o4986-l16885," Disdaining down the golden stream to glide,",o4986-l16880,/aɪd/ | /aɪd/,full,<b>a</b><b>a</b>,pers00210,o4986-w0400
flow | woe," Think not I come to bid thy tears to flow,",o4986-l16890, Or melt thy generous soul with tales of woe;,o4986-l16895,/əʊ/ | /əʊ/,full,<b>a</b><b>a</b>,pers00210,o4986-w0400
woe | flow, Or melt thy generous soul with tales of woe;,o4986-l16895," Think not I come to bid thy tears to flow,",o4986-l16890,/əʊ/ | /əʊ/,full,<b>a</b><b>a</b>,pers00210,o4986-w0400
undismayed | obeyed," No: view me firm, unshaken, undismay'd,",o4986-l16900, As when the welcome mandate I obey'd —,o4986-l16905,/eɪd/ | /eɪd/,full,<b>a</b><b>a</b>,pers00210,o4986-w0400
obeyed | undismayed, As when the welcome mandate I obey'd —,o4986-l16905," No: view me firm, unshaken, undismay'd,",o4986-l16900,/eɪd/ | /eɪd/,full,<b>a</b><b>a</b>,pers00210,o4986-w0400
recall | fall, Heavens! with what pride that moment I recall! ,o4986-l16910,"Who would not wish, so honour'd, thus to fall! ",o4986-l16915,/ɔːl/ | /ɔːl/,full,<b>a</b><b>a</b>,pers00210,o4986-w0400
fall | recall,"Who would not wish, so honour'd, thus to fall! ",o4986-l16915, Heavens! with what pride that moment I recall! ,o4986-l16910,/ɔːl/ | /ɔːl/,full,<b>a</b><b>a</b>,pers00210,o4986-w0400
inspired | fired,"When England's Genius, hovering o'er, inspir'd",o4986-l16920," Her chosen sons, with love of Freedom fir'd,",o4986-l16925,/æəd/ | /æəd/,full,<b>a</b><b>a</b>,pers00210,o4986-w0400
fired | inspired," Her chosen sons, with love of Freedom fir'd,",o4986-l16925,"When England's Genius, hovering o'er, inspir'd",o4986-l16920,/æəd/ | /æəd/,full,<b>a</b><b>a</b>,pers00210,o4986-w0400
train | gain," Spite of an abject, servile, pension'd train,",o4986-l16930," Minions of Power, and worshippers of Gain,",o4986-l16935,/eɪn/ | /eɪn/,full,<b>a</b><b>a</b>,pers00210,o4986-w0400
gain | train," Minions of Power, and worshippers of Gain,",o4986-l16935," Spite of an abject, servile, pension'd train,",o4986-l16930,/eɪn/ | /eɪn/,full,<b>a</b><b>a</b>,pers00210,o4986-w0400
prey | sway," To save from Bigotry its destin'd prey,",o4986-l16940, And shield three nations from tyrannick sway. ,o4986-l16945,/eɪ/ | /eɪ/,full,<b>a</b><b>a</b>,pers00210,o4986-w0400
sway | prey, And shield three nations from tyrannick sway. ,o4986-l16945," To save from Bigotry its destin'd prey,",o4986-l16940,/eɪ/ | /eɪ/,full,<b>a</b><b>a</b>,pers00210,o4986-w0400
flame | fame,"'Twas then my CA'NDISH caught the glorious flame,",o4986-l16950, The happy omen of his future fame;,o4986-l16955,/eɪm/ | /eɪm/,full,<b>a</b><b>a</b>,pers00210,o4986-w0400
fame | flame, The happy omen of his future fame;,o4986-l16955,"'Twas then my CA'NDISH caught the glorious flame,",o4986-l16950,/eɪm/ | /eɪm/,full,<b>a</b><b>a</b>,pers00210,o4986-w0400
art | heart," Adorn'd by Nature, perfected by Art,",o4986-l16960," The clearest head, and warmest, noblest heart,",o4986-l16965,/ɑːt/ | /ɑːt/,full,<b>a</b><b>a</b>,pers00210,o4986-w0400
heart | art," The clearest head, and warmest, noblest heart,",o4986-l16965," Adorn'd by Nature, perfected by Art,",o4986-l16960,/ɑːt/ | /ɑːt/,full,<b>a</b><b>a</b>,pers00210,o4986-w0400
ear | dear," His words, deep sinking in each captiv'd ear,",o4986-l16970, Had power to make even Liberty more dear. ,o4986-l16975,/ɪə/ | /ɪə/,full,<b>a</b><b>a</b>,pers00210,o4986-w0400
dear | ear, Had power to make even Liberty more dear. ,o4986-l16975," His words, deep sinking in each captiv'd ear,",o4986-l16970,/ɪə/ | /ɪə/,full,<b>a</b><b>a</b>,pers00210,o4986-w0400
lore | over,"While I, unskill'd in Oratory's lore,",o4986-l16980," Whose tongue ne'er speaks but when the heart runs o'er,",o4986-l16985,/ɔː/ | /ɔːə/,half-vowelrhyme,<b>a</b><b>a</b>,pers00210,o4986-w0400
over | lore," Whose tongue ne'er speaks but when the heart runs o'er,",o4986-l16985,"While I, unskill'd in Oratory's lore,",o4986-l16980,/ɔːə/ | /ɔː/,half-vowelrhyme,<b>a</b><b>a</b>,pers00210,o4986-w0400
expressed | addressed, In plain blunt phrase my honest thoughts express'd,o4986-l16990," Warm from the heart, and to the heart address'd. ",o4986-l16995,/est/ | /est/,full,<b>a</b><b>a</b>,pers00210,o4986-w0400
addressed | expressed," Warm from the heart, and to the heart address'd. ",o4986-l16995, In plain blunt phrase my honest thoughts express'd,o4986-l16990,/est/ | /est/,full,<b>a</b><b>a</b>,pers00210,o4986-w0400
say | day,"Justice prevail'd; yes Justice, let me say,",o4986-l17000, Well pois'd her scales on that auspicious day. ,o4986-l17005,/eɪ/ | /eɪ/,full,<b>a</b><b>a</b>,pers00210,o4986-w0400
day | say, Well pois'd her scales on that auspicious day. ,o4986-l17005,"Justice prevail'd; yes Justice, let me say,",o4986-l17000,/eɪ/ | /eɪ/,full,<b>a</b><b>a</b>,pers00210,o4986-w0400
afar | war,"The watchful shepherd spies the wolf afar,",o4986-l17010, Nor trusts his flock to try the unequal war;,o4986-l17015,/ɑː/ | /ɔː/,half-pararhyme,<b>a</b><b>a</b>,pers00210,o4986-w0400
war | afar, Nor trusts his flock to try the unequal war;,o4986-l17015,"The watchful shepherd spies the wolf afar,",o4986-l17010,/ɔː/ | /ɑː/,half-pararhyme,<b>a</b><b>a</b>,pers00210,o4986-w0400
guise | eyes," What tho' the savage crouch in humble guise,",o4986-l17020," And check the fire that flashes from his eyes,",o4986-l17025,/aɪz/ | /aɪz/,full,<b>a</b><b>a</b>,pers00210,o4986-w0400
eyes | guise," And check the fire that flashes from his eyes,",o4986-l17025," What tho' the savage crouch in humble guise,",o4986-l17020,/aɪz/ | /aɪz/,full,<b>a</b><b>a</b>,pers00210,o4986-w0400
invade | aid," Should once his barbarous fangs the fold invade,",o4986-l17030," Vain were their cries, too late the shepherd's aid,",o4986-l17035,/eɪd/ | /eɪd/,full,<b>a</b><b>a</b>,pers00210,o4986-w0400
aid | invade," Vain were their cries, too late the shepherd's aid,",o4986-l17035," Should once his barbarous fangs the fold invade,",o4986-l17030,/eɪd/ | /eɪd/,full,<b>a</b><b>a</b>,pers00210,o4986-w0400
spare | glare," Thirsting for blood, he knows not how to spare,",o4986-l17040," His jaws distend, his fiery eyeballs glare,",o4986-l17045,/eə/ | /eə/,full,<b>a</b><b>a</b>,pers00210,o4986-w0400
glare | spare," His jaws distend, his fiery eyeballs glare,",o4986-l17045," Thirsting for blood, he knows not how to spare,",o4986-l17040,/eə/ | /eə/,full,<b>a</b><b>a</b>,pers00210,o4986-w0400
round | ground," While ghastly Desolation, stalking round,",o4986-l17050, With mangled limbs bestrews the purple ground. ,o4986-l17055,/aʊnd/ | /aʊnd/,full,<b>a</b><b>a</b>,pers00210,o4986-w0400
ground | round, With mangled limbs bestrews the purple ground. ,o4986-l17055," While ghastly Desolation, stalking round,",o4986-l17050,/aʊnd/ | /aʊnd/,full,<b>a</b><b>a</b>,pers00210,o4986-w0400
revolve | resolve,"Now, Memory, fail! nor let my mind revolve,",o4986-l17060," How England's Peers annull'd the just resolve,",o4986-l17065,/ɒlv/ | /ɒlv/,full,<b>a</b><b>a</b>,pers00210,o4986-w0400
resolve | revolve," How England's Peers annull'd the just resolve,",o4986-l17065,"Now, Memory, fail! nor let my mind revolve,",o4986-l17060,/ɒlv/ | /ɒlv/,full,<b>a</b><b>a</b>,pers00210,o4986-w0400
blow | low," Against her bosom aim'd a deadly blow,",o4986-l17070, And laid at once her great Palladium low! ,o4986-l17075,/əʊ/ | /əʊ/,full,<b>a</b><b>a</b>,pers00210,o4986-w0400
low | blow, And laid at once her great Palladium low! ,o4986-l17075," Against her bosom aim'd a deadly blow,",o4986-l17070,/əʊ/ | /əʊ/,full,<b>a</b><b>a</b>,pers00210,o4986-w0400
swear | there,"Degenerate nobles! Yes, by Heaven I swear,",o4986-l17080," Had BEDFORD's self appear'd delinquent there,",o4986-l17085,/eə/ | /eə/,full,<b>a</b><b>a</b>,pers00210,o4986-w0400
there | swear," Had BEDFORD's self appear'd delinquent there,",o4986-l17085,"Degenerate nobles! Yes, by Heaven I swear,",o4986-l17080,/eə/ | /eə/,full,<b>a</b><b>a</b>,pers00210,o4986-w0400
claims | james," And join'd, forgetful of his country's claims,",o4986-l17090," To thwart the exclusion of apostate JAMES,",o4986-l17095,/eɪmz/ | /eɪmz/,full,<b>a</b><b>a</b>,pers00210,o4986-w0400
james | claims," To thwart the exclusion of apostate JAMES,",o4986-l17095," And join'd, forgetful of his country's claims,",o4986-l17090,/eɪmz/ | /eɪmz/,full,<b>a</b><b>a</b>,pers00210,o4986-w0400
large | charge," All filial ties had then been left at large,",o4986-l17100, And I myself the first to urge the charge. ,o4986-l17105,/ɑːdʒ/ | /ɑːdʒ/,full,<b>a</b><b>a</b>,pers00210,o4986-w0400
charge | large, And I myself the first to urge the charge. ,o4986-l17105," All filial ties had then been left at large,",o4986-l17100,/ɑːdʒ/ | /ɑːdʒ/,full,<b>a</b><b>a</b>,pers00210,o4986-w0400
soul | control,"Such the fix'd sentiments that rule my soul,",o4986-l17110," Time cannot change, nor Tyranny controul;",o4986-l17115,/əʊl/ | /əʊl/,full,<b>a</b><b>a</b>,pers00210,o4986-w0400
control | soul," Time cannot change, nor Tyranny controul;",o4986-l17115,"Such the fix'd sentiments that rule my soul,",o4986-l17110,/əʊl/ | /əʊl/,full,<b>a</b><b>a</b>,pers00210,o4986-w0400
brow | now," While free, they hung upon my pensive brow,",o4986-l17120," Then my chief care, my pride and glory now;",o4986-l17125,/aʊ/ | /aʊ/,full,<b>a</b><b>a</b>,pers00210,o4986-w0400
now | brow," Then my chief care, my pride and glory now;",o4986-l17125," While free, they hung upon my pensive brow,",o4986-l17120,/aʊ/ | /aʊ/,full,<b>a</b><b>a</b>,pers00210,o4986-w0400
hard | reward," Foil'd I submit, nor think the measure hard,",o4986-l17130, For conscious Virtue is its own reward. ,o4986-l17135,/ɑːd/ | /ɔːd/,half-pararhyme,<b>a</b><b>a</b>,pers00210,o4986-w0400
reward | hard, For conscious Virtue is its own reward. ,o4986-l17135," Foil'd I submit, nor think the measure hard,",o4986-l17130,/ɔːd/ | /ɑːd/,half-pararhyme,<b>a</b><b>a</b>,pers00210,o4986-w0400
art | heart,"Vain then is force, and vain each subtile art,",o4986-l17140, To wring retraction from my tortured heart;,o4986-l17145,/ɑːt/ | /ɑːt/,full,<b>a</b><b>a</b>,pers00210,o4986-w0400
heart | art, To wring retraction from my tortured heart;,o4986-l17145,"Vain then is force, and vain each subtile art,",o4986-l17140,/ɑːt/ | /ɑːt/,full,<b>a</b><b>a</b>,pers00210,o4986-w0400
engraved | saved," There lie, in marks indelible engrav'd,",o4986-l17150, The means whereby my country must be sav'd;,o4986-l17155,/eɪvd/ | /eɪvd/,full,<b>a</b><b>a</b>,pers00210,o4986-w0400
saved | engraved, The means whereby my country must be sav'd;,o4986-l17155," There lie, in marks indelible engrav'd,",o4986-l17150,/eɪvd/ | /eɪvd/,full,<b>a</b><b>a</b>,pers00210,o4986-w0400
unknown | own, Are to thine eyes those characters unknown? ,o4986-l17160,"To read my inmost heart, consult thine own;",o4986-l17165,/əʊn/ | /əʊn/,full,<b>a</b><b>a</b>,pers00210,o4986-w0400
own | unknown,"To read my inmost heart, consult thine own;",o4986-l17165, Are to thine eyes those characters unknown? ,o4986-l17160,/əʊn/ | /əʊn/,full,<b>a</b><b>a</b>,pers00210,o4986-w0400
revealed | sealed," There wilt thou find this sacred truth reveal'd,",o4986-l17170," Which shall to morrow with my blood be seal'd,",o4986-l17175,/iːld/ | /iːld/,full,<b>a</b><b>a</b>,pers00210,o4986-w0400
sealed | revealed," Which shall to morrow with my blood be seal'd,",o4986-l17175," There wilt thou find this sacred truth reveal'd,",o4986-l17170,/iːld/ | /iːld/,full,<b>a</b><b>a</b>,pers00210,o4986-w0400
explore | more," Seek not infirm expedients to explore,",o4986-l17180," But banish JAMES, or England is no more. ",o4986-l17185,/ɔː/ | /ɔː/,full,<b>a</b><b>a</b>,pers00210,o4986-w0400
more | explore," But banish JAMES, or England is no more. ",o4986-l17185," Seek not infirm expedients to explore,",o4986-l17180,/ɔː/ | /ɔː/,full,<b>a</b><b>a</b>,pers00210,o4986-w0400
spare | pair,"Friendship her tender offices may spare,",o4986-l17190," Nor strive to move the unforgiving pair,",o4986-l17195,/eə/ | /eə/,full,<b>a</b><b>a</b>,pers00210,o4986-w0400
pair | spare," Nor strive to move the unforgiving pair,",o4986-l17195,"Friendship her tender offices may spare,",o4986-l17190,/eə/ | /eə/,full,<b>a</b><b>a</b>,pers00210,o4986-w0400
climb | crime, Hopeless the tyrant's mercy-seat to climb —,o4986-l17200, Zeal for my country's freedom is my crime! ,o4986-l17205,/aɪm/ | /aɪm/,full,<b>a</b><b>a</b>,pers00210,o4986-w0400
crime | climb, Zeal for my country's freedom is my crime! ,o4986-l17205, Hopeless the tyrant's mercy-seat to climb —,o4986-l17200,/aɪm/ | /aɪm/,full,<b>a</b><b>a</b>,pers00210,o4986-w0400
range | change,"Ere that meets pardon, lambs with wolves shall range,",o4986-l17210," CHARLES be a saint, and JAMES his nature change. ",o4986-l17215,/eɪndʒ/ | /eɪndʒ/,full,<b>a</b><b>a</b>,pers00210,o4986-w0400
change | range," CHARLES be a saint, and JAMES his nature change. ",o4986-l17215,"Ere that meets pardon, lambs with wolves shall range,",o4986-l17210,/eɪndʒ/ | /eɪndʒ/,full,<b>a</b><b>a</b>,pers00210,o4986-w0400
desires | requires,"Press'd by my friends, and RACHEL's fond desires,",o4986-l17220, (Who can deny what weeping love requires!) ,o4986-l17225,/æəz/ | /æəz/,full,<b>a</b><b>a</b>,pers00210,o4986-w0400
requires | desires, (Who can deny what weeping love requires!) ,o4986-l17225,"Press'd by my friends, and RACHEL's fond desires,",o4986-l17220,/æəz/ | /æəz/,full,<b>a</b><b>a</b>,pers00210,o4986-w0400
quelled | swelled,"Frailty prevail'd, and for a moment quell'd",o4986-l17230, Th' indignant pride that in my bosom swell'd;,o4986-l17235,/eld/ | /eld/,full,<b>a</b><b>a</b>,pers00210,o4986-w0400
swelled | quelled, Th' indignant pride that in my bosom swell'd;,o4986-l17235,"Frailty prevail'd, and for a moment quell'd",o4986-l17230,/eld/ | /eld/,full,<b>a</b><b>a</b>,pers00210,o4986-w0400
own | throne, I sued — the weak attempt I blush to own —,o4986-l17240," I sued for mercy, prostrate at the throne. ",o4986-l17245,/əʊn/ | /əʊn/,full,<b>a</b><b>a</b>,pers00210,o4986-w0400
throne | own," I sued for mercy, prostrate at the throne. ",o4986-l17245, I sued — the weak attempt I blush to own —,o4986-l17240,/əʊn/ | /əʊn/,full,<b>a</b><b>a</b>,pers00210,o4986-w0400
friend | blend,"O! blot the foible out, my noble friend,",o4986-l17250, With human firmness human feelings blend! ,o4986-l17255,/end/ | /end/,full,<b>a</b><b>a</b>,pers00210,o4986-w0400
blend | friend, With human firmness human feelings blend! ,o4986-l17255,"O! blot the foible out, my noble friend,",o4986-l17250,/end/ | /end/,full,<b>a</b><b>a</b>,pers00210,o4986-w0400
seize | knees,"When Love's endearments softest moments seize,",o4986-l17260," And Love's dear pledges hang upon the knees,",o4986-l17265,/iːz/ | /iːz/,full,<b>a</b><b>a</b>,pers00210,o4986-w0400
knees | seize," And Love's dear pledges hang upon the knees,",o4986-l17265,"When Love's endearments softest moments seize,",o4986-l17260,/iːz/ | /iːz/,full,<b>a</b><b>a</b>,pers00210,o4986-w0400
enthral | all," When Nature's strongest ties the soul enthrall,",o4986-l17270," (Thou canst conceive, for thou hast felt them all!) ",o4986-l17275,/ɔːl/ | /ɔːl/,full,<b>a</b><b>a</b>,pers00210,o4986-w0400
all | enthral," (Thou canst conceive, for thou hast felt them all!) ",o4986-l17275," When Nature's strongest ties the soul enthrall,",o4986-l17270,/ɔːl/ | /ɔːl/,full,<b>a</b><b>a</b>,pers00210,o4986-w0400
can | man,"Let him resist their prevalence, who can;",o4986-l17280," He must, indeed, be more or less than man. ",o4986-l17285,/æn/ | /æn/,full,<b>a</b><b>a</b>,pers00210,o4986-w0400
man | can," He must, indeed, be more or less than man. ",o4986-l17285,"Let him resist their prevalence, who can;",o4986-l17280,/æn/ | /æn/,full,<b>a</b><b>a</b>,pers00210,o4986-w0400
due | too,"Yet let me yield my RACHEL honour due,",o4986-l17290," The tenderest wife, the noblest heroine too! ",o4986-l17295,/uː/ | /uː/,full,<b>a</b><b>a</b>,pers00210,o4986-w0400
too | due," The tenderest wife, the noblest heroine too! ",o4986-l17295,"Yet let me yield my RACHEL honour due,",o4986-l17290,/uː/ | /uː/,full,<b>a</b><b>a</b>,pers00210,o4986-w0400
name | fame,"Anxious to save her husband's honest name,",o4986-l17300," Dear was his life, but dearer still his fame! ",o4986-l17305,/eɪm/ | /eɪm/,full,<b>a</b><b>a</b>,pers00210,o4986-w0400
fame | name," Dear was his life, but dearer still his fame! ",o4986-l17305,"Anxious to save her husband's honest name,",o4986-l17300,/eɪm/ | /eɪm/,full,<b>a</b><b>a</b>,pers00210,o4986-w0400
obtain | vain,"When suppliant prayers no pardon could obtain,",o4986-l17310," And, wonderous strange! ev'n BEDFORD's gold prov'd vain,",o4986-l17315,/eɪn/ | /eɪn/,full,<b>a</b><b>a</b>,pers00210,o4986-w0400
vain | obtain," And, wonderous strange! ev'n BEDFORD's gold prov'd vain,",o4986-l17315,"When suppliant prayers no pardon could obtain,",o4986-l17310,/eɪn/ | /eɪn/,full,<b>a</b><b>a</b>,pers00210,o4986-w0400
abhorred | reward," The informer's part her generous soul abhorr'd,",o4986-l17320, Though life preserv'd had been the sure reward;,o4986-l17325,/ɔːd/ | /ɔːd/,full,<b>a</b><b>a</b>,pers00210,o4986-w0400
reward | abhorred, Though life preserv'd had been the sure reward;,o4986-l17325," The informer's part her generous soul abhorr'd,",o4986-l17320,/ɔːd/ | /ɔːd/,full,<b>a</b><b>a</b>,pers00210,o4986-w0400
scenes | means," Let impious ESCRICK act such treacherous scenes,",o4986-l17330, And shrink from death by such opprobrious means. ,o4986-l17335,/iːnz/ | /iːnz/,full,<b>a</b><b>a</b>,pers00210,o4986-w0400
means | scenes, And shrink from death by such opprobrious means. ,o4986-l17335," Let impious ESCRICK act such treacherous scenes,",o4986-l17330,/iːnz/ | /iːnz/,full,<b>a</b><b>a</b>,pers00210,o4986-w0400
fair | care,O! my lov'd RACHEL! all-accomplish'd fair! ,o4986-l17340,"Source of my joy, and soother of my care! ",o4986-l17345,/eə/ | /eə/,full,<b>a</b><b>a</b>,pers00210,o4986-w0400
care | fair,"Source of my joy, and soother of my care! ",o4986-l17345,O! my lov'd RACHEL! all-accomplish'd fair! ,o4986-l17340,/eə/ | /eə/,full,<b>a</b><b>a</b>,pers00210,o4986-w0400
charms | arms,"Whose heavenly virtues, and unfading charms,",o4986-l17350, Have bless'd through happy years my peaceful arms! ,o4986-l17355,/ɑːmz/ | /ɑːmz/,full,<b>a</b><b>a</b>,pers00210,o4986-w0400
arms | charms, Have bless'd through happy years my peaceful arms! ,o4986-l17355,"Whose heavenly virtues, and unfading charms,",o4986-l17350,/ɑːmz/ | /ɑːmz/,full,<b>a</b><b>a</b>,pers00210,o4986-w0400
thrown | groan,"Parting with thee into my cup was thrown,",o4986-l17360, Its harshest dregs else had not forc'd a groan! —,o4986-l17365,/əʊn/ | /əʊn/,full,<b>a</b><b>a</b>,pers00210,o4986-w0400
groan | thrown, Its harshest dregs else had not forc'd a groan! —,o4986-l17365,"Parting with thee into my cup was thrown,",o4986-l17360,/əʊn/ | /əʊn/,full,<b>a</b><b>a</b>,pers00210,o4986-w0400
last | past, But all is o'er — these eyes have gaz'd their last —,o4986-l17370, And now the bitterness of death is past. ,o4986-l17375,/ɑːst/ | /ɑːst/,full,<b>a</b><b>a</b>,pers00210,o4986-w0400
past | last, And now the bitterness of death is past. ,o4986-l17375, But all is o'er — these eyes have gaz'd their last —,o4986-l17370,/ɑːst/ | /ɑːst/,full,<b>a</b><b>a</b>,pers00210,o4986-w0400
care | prepare,"BURNET and TILLOTSON, with pious care,",o4986-l17380," My fleeting soul for heavenly bliss prepare,",o4986-l17385,/eə/ | /eə/,full,<b>a</b><b>a</b>,pers00210,o4986-w0400
prepare | care," My fleeting soul for heavenly bliss prepare,",o4986-l17385,"BURNET and TILLOTSON, with pious care,",o4986-l17380,/eə/ | /eə/,full,<b>a</b><b>a</b>,pers00210,o4986-w0400
display | day," Wide to my view the glorious realms display,",o4986-l17390," Pregnant with joy, and bright with endless day. ",o4986-l17395,/eɪ/ | /eɪ/,full,<b>a</b><b>a</b>,pers00210,o4986-w0400
day | display," Pregnant with joy, and bright with endless day. ",o4986-l17395," Wide to my view the glorious realms display,",o4986-l17390,/eɪ/ | /eɪ/,full,<b>a</b><b>a</b>,pers00210,o4986-w0400
sung | tongue,"Charm'd, as of old when Israel's prophet sung,",o4986-l17400," Whose words distill'd like manna from his tongue,",o4986-l17405,/ʌŋ/ | /ʌŋ/,full,<b>a</b><b>a</b>,pers00210,o4986-w0400
tongue | sung," Whose words distill'd like manna from his tongue,",o4986-l17405,"Charm'd, as of old when Israel's prophet sung,",o4986-l17400,/ʌŋ/ | /ʌŋ/,full,<b>a</b><b>a</b>,pers00210,o4986-w0400
explored | adored," While the great bard sublimest truths explor'd,",o4986-l17410, Each ravish'd hearer wonder'd and ador'd;,o4986-l17415,/ɔːd/ | /ɔːd/,full,<b>a</b><b>a</b>,pers00210,o4986-w0400
adored | explored, Each ravish'd hearer wonder'd and ador'd;,o4986-l17415," While the great bard sublimest truths explor'd,",o4986-l17410,/ɔːd/ | /ɔːd/,full,<b>a</b><b>a</b>,pers00210,o4986-w0400
rise | skies," So rapt, so charm'd, my soul begins to rise,",o4986-l17420," Spurns the base earth, and seems to reach the skies. ",o4986-l17425,/aɪz/ | /aɪz/,full,<b>a</b><b>a</b>,pers00210,o4986-w0400
skies | rise," Spurns the base earth, and seems to reach the skies. ",o4986-l17425," So rapt, so charm'd, my soul begins to rise,",o4986-l17420,/aɪz/ | /aɪz/,full,<b>a</b><b>a</b>,pers00210,o4986-w0400
theme | supreme,"But when, descending from the sacred theme,",o4986-l17430," Of boundless power, and excellence supreme,",o4986-l17435,/iːm/ | /iːm/,full,<b>a</b><b>a</b>,pers00210,o4986-w0400
supreme | theme," Of boundless power, and excellence supreme,",o4986-l17435,"But when, descending from the sacred theme,",o4986-l17430,/iːm/ | /iːm/,full,<b>a</b><b>a</b>,pers00210,o4986-w0400
throne | alone," They would for man, and his precarious throne,",o4986-l17440," Exact obedience, due to Heaven alone,",o4986-l17445,/əʊn/ | /əʊn/,full,<b>a</b><b>a</b>,pers00210,o4986-w0400
alone | throne," Exact obedience, due to Heaven alone,",o4986-l17445," They would for man, and his precarious throne,",o4986-l17440,/əʊn/ | /əʊn/,full,<b>a</b><b>a</b>,pers00210,o4986-w0400
commands | hands," Forbid resistance to his worst commands,",o4986-l17450, And place God's thunderbolts in mortal hands;,o4986-l17455,/ɑːndz/ | /ændz/,half-pararhyme,<b>a</b><b>a</b>,pers00210,o4986-w0400
hands | commands, And place God's thunderbolts in mortal hands;,o4986-l17455," Forbid resistance to his worst commands,",o4986-l17450,/ændz/ | /ɑːndz/,half-pararhyme,<b>a</b><b>a</b>,pers00210,o4986-w0400
span | man," The vision sinks to life's contracted span,",o4986-l17460, And rising passion speaks me still a man. ,o4986-l17465,/æn/ | /æn/,full,<b>a</b><b>a</b>,pers00210,o4986-w0400
man | span, And rising passion speaks me still a man. ,o4986-l17465," The vision sinks to life's contracted span,",o4986-l17460,/æn/ | /æn/,full,<b>a</b><b>a</b>,pers00210,o4986-w0400
laws | draws,"What! shall a tyrant trample on the laws,",o4986-l17470, And stop the source whence all his power he draws? ,o4986-l17475,/ɔːz/ | /ɔːz/,full,<b>a</b><b>a</b>,pers00210,o4986-w0400
draws | laws, And stop the source whence all his power he draws? ,o4986-l17475,"What! shall a tyrant trample on the laws,",o4986-l17470,/ɔːz/ | /ɔːz/,full,<b>a</b><b>a</b>,pers00210,o4986-w0400
betray | pay,"His country's rights to foreign foes betray,",o4986-l17480," Lavish her wealth, yet stipulate for pay? ",o4986-l17485,/eɪ/ | /eɪ/,full,<b>a</b><b>a</b>,pers00210,o4986-w0400
pay | betray," Lavish her wealth, yet stipulate for pay? ",o4986-l17485,"His country's rights to foreign foes betray,",o4986-l17480,/eɪ/ | /eɪ/,full,<b>a</b><b>a</b>,pers00210,o4986-w0400
suborn | scorn,"To shameful falshoods venal slaves suborn,",o4986-l17490, And dare to laugh the virtuous man to scorn? ,o4986-l17495,/ɔːn/ | /ɔːn/,full,<b>a</b><b>a</b>,pers00210,o4986-w0400
scorn | suborn, And dare to laugh the virtuous man to scorn? ,o4986-l17495,"To shameful falshoods venal slaves suborn,",o4986-l17490,/ɔːn/ | /ɔːn/,full,<b>a</b><b>a</b>,pers00210,o4986-w0400
fame | name,"Deride Religion, Justice, Honour, Fame,",o4986-l17500, And hardly know of Honesty the name? ,o4986-l17505,/eɪm/ | /eɪm/,full,<b>a</b><b>a</b>,pers00210,o4986-w0400
name | fame, And hardly know of Honesty the name? ,o4986-l17505,"Deride Religion, Justice, Honour, Fame,",o4986-l17500,/eɪm/ | /eɪm/,full,<b>a</b><b>a</b>,pers00210,o4986-w0400
pains | chains,"In Luxury's lap lie screen'd from cares and pains,",o4986-l17510, And only toil to forge his subjects chains? ,o4986-l17515,/eɪnz/ | /eɪnz/,full,<b>a</b><b>a</b>,pers00210,o4986-w0400
chains | pains, And only toil to forge his subjects chains? ,o4986-l17515,"In Luxury's lap lie screen'd from cares and pains,",o4986-l17510,/eɪnz/ | /eɪnz/,full,<b>a</b><b>a</b>,pers00210,o4986-w0400
drown | crown,"And shall he hope the publick voice to drown,",o4986-l17520," The voice which gave, and can resume his crown! ",o4986-l17525,/aʊn/ | /aʊn/,full,<b>a</b><b>a</b>,pers00210,o4986-w0400
crown | drown," The voice which gave, and can resume his crown! ",o4986-l17525,"And shall he hope the publick voice to drown,",o4986-l17520,/aʊn/ | /aʊn/,full,<b>a</b><b>a</b>,pers00210,o4986-w0400
dread | head,"When Conscience bares her horrors, and the dread",o4986-l17530," Of sudden vengeance, bursting o'er his head,",o4986-l17535,/ed/ | /ed/,full,<b>a</b><b>a</b>,pers00210,o4986-w0400
head | dread," Of sudden vengeance, bursting o'er his head,",o4986-l17535,"When Conscience bares her horrors, and the dread",o4986-l17530,/ed/ | /ed/,full,<b>a</b><b>a</b>,pers00210,o4986-w0400
groan | throne," Wrings his black soul; when injured nations groan,",o4986-l17540, And cries of millions shake his tottering throne;,o4986-l17545,/əʊn/ | /əʊn/,full,<b>a</b><b>a</b>,pers00210,o4986-w0400
throne | groan, And cries of millions shake his tottering throne;,o4986-l17545," Wrings his black soul; when injured nations groan,",o4986-l17540,/əʊn/ | /əʊn/,full,<b>a</b><b>a</b>,pers00210,o4986-w0400
ears | fears," Shall flattering churchmen soothe his guilty ears,",o4986-l17550," With tortured texts, to calm his growing fears;",o4986-l17555,/ɪəz/ | /ɪəz/,full,<b>a</b><b>a</b>,pers00210,o4986-w0400
fears | ears," With tortured texts, to calm his growing fears;",o4986-l17555," Shall flattering churchmen soothe his guilty ears,",o4986-l17550,/ɪəz/ | /ɪəz/,full,<b>a</b><b>a</b>,pers00210,o4986-w0400
climes | crimes," Exalt his power above the Aetherial climes,",o4986-l17560, And call down Heaven to sanctify his crimes! ,o4986-l17565,/aɪmz/ | /aɪmz/,full,<b>a</b><b>a</b>,pers00210,o4986-w0400
crimes | climes, And call down Heaven to sanctify his crimes! ,o4986-l17565," Exalt his power above the Aetherial climes,",o4986-l17560,/aɪmz/ | /aɪmz/,full,<b>a</b><b>a</b>,pers00210,o4986-w0400
away | betray,O! impious doctrine! — Servile priests away! ,o4986-l17570,"Your Prince you poison, and your God betray. ",o4986-l17575,/eɪ/ | /eɪ/,full,<b>a</b><b>a</b>,pers00210,o4986-w0400
betray | away,"Your Prince you poison, and your God betray. ",o4986-l17575,O! impious doctrine! — Servile priests away! ,o4986-l17570,/eɪ/ | /eɪ/,full,<b>a</b><b>a</b>,pers00210,o4986-w0400
hour | power,"Hapless the monach! who, in evil hour,",o4986-l17580, Drinks from your cup the draught of lawless power! ,o4986-l17585,/æə/ | /aʊə/,half-pararhyme,<b>a</b><b>a</b>,pers00210,o4986-w0400
power | hour, Drinks from your cup the draught of lawless power! ,o4986-l17585,"Hapless the monach! who, in evil hour,",o4986-l17580,/aʊə/ | /æə/,half-pararhyme,<b>a</b><b>a</b>,pers00210,o4986-w0400
veins | chains,"The magic potion boils within his veins,",o4986-l17590, And locks each sense in adamantine chains;,o4986-l17595,/eɪnz/ | /eɪnz/,full,<b>a</b><b>a</b>,pers00210,o4986-w0400
chains | veins, And locks each sense in adamantine chains;,o4986-l17595,"The magic potion boils within his veins,",o4986-l17590,/eɪnz/ | /eɪnz/,full,<b>a</b><b>a</b>,pers00210,o4986-w0400
ensues | renews," Reason revolts, insatiate thirst ensues,",o4986-l17600, The wild delirium each fresh draught renews;,o4986-l17605,/uːz/ | /uːz/,full,<b>a</b><b>a</b>,pers00210,o4986-w0400
renews | ensues, The wild delirium each fresh draught renews;,o4986-l17605," Reason revolts, insatiate thirst ensues,",o4986-l17600,/uːz/ | /uːz/,full,<b>a</b><b>a</b>,pers00210,o4986-w0400
refrain | vain," In vain his people urge him to refrain,",o4986-l17610, His faithful servants supplicate in vain;,o4986-l17615,/eɪn/ | /eɪn/,full,<b>a</b><b>a</b>,pers00210,o4986-w0400
vain | refrain, His faithful servants supplicate in vain;,o4986-l17615," In vain his people urge him to refrain,",o4986-l17610,/eɪn/ | /eɪn/,full,<b>a</b><b>a</b>,pers00210,o4986-w0400
control | bowl," He quaffs at length, impatient of controul,",o4986-l17620, The bitter dregs that lurk within the bowl. ,o4986-l17625,/əʊl/ | /əʊl/,full,<b>a</b><b>a</b>,pers00210,o4986-w0400
bowl | control, The bitter dregs that lurk within the bowl. ,o4986-l17625," He quaffs at length, impatient of controul,",o4986-l17620,/əʊl/ | /əʊl/,full,<b>a</b><b>a</b>,pers00210,o4986-w0400
aims | james,"Zeal your pretence, but wealth and power your aims,",o4986-l17630, You ev'n could make a SOLOMON of JAMES. ,o4986-l17635,/eɪmz/ | /eɪmz/,full,<b>a</b><b>a</b>,pers00210,o4986-w0400
james | aims, You ev'n could make a SOLOMON of JAMES. ,o4986-l17635,"Zeal your pretence, but wealth and power your aims,",o4986-l17630,/eɪmz/ | /eɪmz/,full,<b>a</b><b>a</b>,pers00210,o4986-w0400
state | great,"Behold the pedant, thron'd in aukward state,",o4986-l17640," Absorb'd in pride, ridiculously great;",o4986-l17645,/eɪt/ | /eɪt/,full,<b>a</b><b>a</b>,pers00210,o4986-w0400
great | state," Absorb'd in pride, ridiculously great;",o4986-l17645,"Behold the pedant, thron'd in aukward state,",o4986-l17640,/eɪt/ | /eɪt/,full,<b>a</b><b>a</b>,pers00210,o4986-w0400
nod | god," His courtiers seem to tremble at his nod,",o4986-l17650, His prelates call his voice the voice of God;,o4986-l17655,/ɒd/ | /ɒd/,full,<b>a</b><b>a</b>,pers00210,o4986-w0400
god | nod, His prelates call his voice the voice of God;,o4986-l17655," His courtiers seem to tremble at his nod,",o4986-l17650,/ɒd/ | /ɒd/,full,<b>a</b><b>a</b>,pers00210,o4986-w0400
combine | divine," Weakness and vanity with them combine,",o4986-l17660, And JAMES believes his majesty divine. ,o4986-l17665,/ɒmbaɪn/ | /aɪn/,half-vowelrhyme,<b>a</b><b>a</b>,pers00210,o4986-w0400
divine | combine, And JAMES believes his majesty divine. ,o4986-l17665," Weakness and vanity with them combine,",o4986-l17660,/aɪn/ | /ɒmbaɪn/,half-vowelrhyme,<b>a</b><b>a</b>,pers00210,o4986-w0400
scan | man,"Presumptuous wretch! almighty power to scan,",o4986-l17670, While every action proves him less than man. ,o4986-l17675,/æn/ | /æn/,full,<b>a</b><b>a</b>,pers00210,o4986-w0400
man | scan, While every action proves him less than man. ,o4986-l17675,"Presumptuous wretch! almighty power to scan,",o4986-l17670,/æn/ | /æn/,full,<b>a</b><b>a</b>,pers00210,o4986-w0400
led | bled,"By your delusions to the scaffold led,",o4986-l17680," Martyr'd by you, a royal CHARLES has bled. ",o4986-l17685,/ed/ | /ed/,full,<b>a</b><b>a</b>,pers00210,o4986-w0400
bled | led," Martyr'd by you, a royal CHARLES has bled. ",o4986-l17685,"By your delusions to the scaffold led,",o4986-l17680,/ed/ | /ed/,full,<b>a</b><b>a</b>,pers00210,o4986-w0400
son | shun,"Teach then, ye sycophants! O! teach his son,",o4986-l17690, The gloomy paths of tyranny to shun;,o4986-l17695,/ʌn/ | /ʌn/,full,<b>a</b><b>a</b>,pers00210,o4986-w0400
shun | son, The gloomy paths of tyranny to shun;,o4986-l17695,"Teach then, ye sycophants! O! teach his son,",o4986-l17690,/ʌn/ | /ʌn/,full,<b>a</b><b>a</b>,pers00210,o4986-w0400
claim | fame," Teach him to prize Religion's sacred claim,",o4986-l17700," Teach him how Virtue leads to honest fame,",o4986-l17705,/eɪm/ | /eɪm/,full,<b>a</b><b>a</b>,pers00210,o4986-w0400
fame | claim," Teach him how Virtue leads to honest fame,",o4986-l17705," Teach him to prize Religion's sacred claim,",o4986-l17700,/eɪm/ | /eɪm/,full,<b>a</b><b>a</b>,pers00210,o4986-w0400
adorns | thorns," How Freedom's wreath a monarch's brows adorns,",o4986-l17710," Nor, basely sawning, plant his couch with thorns. ",o4986-l17715,/ɔːnz/ | /ɔːnz/,full,<b>a</b><b>a</b>,pers00210,o4986-w0400
thorns | adorns," Nor, basely sawning, plant his couch with thorns. ",o4986-l17715," How Freedom's wreath a monarch's brows adorns,",o4986-l17710,/ɔːnz/ | /ɔːnz/,full,<b>a</b><b>a</b>,pers00210,o4986-w0400
alone | throne,"Point to his view his people's love alone,",o4986-l17720, The solid basis of his stedfast throne;,o4986-l17725,/əʊn/ | /əʊn/,full,<b>a</b><b>a</b>,pers00210,o4986-w0400
throne | alone, The solid basis of his stedfast throne;,o4986-l17725,"Point to his view his people's love alone,",o4986-l17720,/əʊn/ | /əʊn/,full,<b>a</b><b>a</b>,pers00210,o4986-w0400
guard | reward," Chosen by them their dearest rights to guard,",o4986-l17730," The bad to punish, and the good reward,",o4986-l17735,/ɑːd/ | /ɔːd/,half-pararhyme,<b>a</b><b>a</b>,pers00210,o4986-w0400
reward | guard," The bad to punish, and the good reward,",o4986-l17735," Chosen by them their dearest rights to guard,",o4986-l17730,/ɔːd/ | /ɑːd/,half-pararhyme,<b>a</b><b>a</b>,pers00210,o4986-w0400
sway | obey," Clement and just let him the sceptre sway,",o4986-l17740," And willing subjects shall with pride obey,",o4986-l17745,/eɪ/ | /eɪ/,full,<b>a</b><b>a</b>,pers00210,o4986-w0400
obey | sway," And willing subjects shall with pride obey,",o4986-l17745," Clement and just let him the sceptre sway,",o4986-l17740,/eɪ/ | /eɪ/,full,<b>a</b><b>a</b>,pers00210,o4986-w0400
commands | hands," Shall vie to execute his high commands,",o4986-l17750," His throne their hearts, his sword and shield their hands. ",o4986-l17755,/ɑːndz/ | /ændz/,half-pararhyme,<b>a</b><b>a</b>,pers00210,o4986-w0400
hands | commands," His throne their hearts, his sword and shield their hands. ",o4986-l17755," Shall vie to execute his high commands,",o4986-l17750,/ændz/ | /ɑːndz/,half-pararhyme,<b>a</b><b>a</b>,pers00210,o4986-w0400
crown | renown,Happy the Prince! thrice firmly fix'd his crown! ,o4986-l17760,Who builds on publick good his chaste renown;,o4986-l17765,/aʊn/ | /aʊn/,full,<b>a</b><b>a</b>,pers00210,o4986-w0400
renown | crown,Who builds on publick good his chaste renown;,o4986-l17765,Happy the Prince! thrice firmly fix'd his crown! ,o4986-l17760,/aʊn/ | /aʊn/,full,<b>a</b><b>a</b>,pers00210,o4986-w0400
aim | same," Studious to bless, who knows no second aim,",o4986-l17770," His people's interest, and his own the same;",o4986-l17775,/eɪm/ | /eɪm/,full,<b>a</b><b>a</b>,pers00210,o4986-w0400
same | aim," His people's interest, and his own the same;",o4986-l17775," Studious to bless, who knows no second aim,",o4986-l17770,/eɪm/ | /eɪm/,full,<b>a</b><b>a</b>,pers00210,o4986-w0400
cares | shares," The ease of millions rests upon his cares,",o4986-l17780, And thus Heaven's high prerogative he shares. ,o4986-l17785,/eəz/ | /eəz/,full,<b>a</b><b>a</b>,pers00210,o4986-w0400
shares | cares, And thus Heaven's high prerogative he shares. ,o4986-l17785," The ease of millions rests upon his cares,",o4986-l17780,/eəz/ | /eəz/,full,<b>a</b><b>a</b>,pers00210,o4986-w0400
spreads | sheds,"Wide from the throne the blest contagion spreads,",o4986-l17790," O'er all the land its gladdening influence sheds,",o4986-l17795,/edz/ | /edz/,full,<b>a</b><b>a</b>,pers00210,o4986-w0400
sheds | spreads," O'er all the land its gladdening influence sheds,",o4986-l17795,"Wide from the throne the blest contagion spreads,",o4986-l17790,/edz/ | /edz/,full,<b>a</b><b>a</b>,pers00210,o4986-w0400
more | shore," Faction's discordant sounds are heard no more,",o4986-l17800, And soul Corruption flies the indignant shore. ,o4986-l17805,/ɔː/ | /ɔː/,full,<b>a</b><b>a</b>,pers00210,o4986-w0400
shore | more, And soul Corruption flies the indignant shore. ,o4986-l17805," Faction's discordant sounds are heard no more,",o4986-l17800,/ɔː/ | /ɔː/,full,<b>a</b><b>a</b>,pers00210,o4986-w0400
run | sun,"His ministers with joy their courses run,",o4986-l17810, And borrow lustre from the royal sun. ,o4986-l17815,/ʌn/ | /ʌn/,full,<b>a</b><b>a</b>,pers00210,o4986-w0400
sun | run, And borrow lustre from the royal sun. ,o4986-l17815,"His ministers with joy their courses run,",o4986-l17810,/ʌn/ | /ʌn/,full,<b>a</b><b>a</b>,pers00210,o4986-w0400
school | rule,"But should some upstart, train'd in Slavery's school,",o4986-l17820," Learn'd in the maxims of despotick rule,",o4986-l17825,/uːl/ | /uːl/,full,<b>a</b><b>a</b>,pers00210,o4986-w0400
rule | school," Learn'd in the maxims of despotick rule,",o4986-l17825,"But should some upstart, train'd in Slavery's school,",o4986-l17820,/uːl/ | /uːl/,full,<b>a</b><b>a</b>,pers00210,o4986-w0400
pride | hide," Full fraught with forms, and grave pedantick pride,",o4986-l17830, (Mysterious cloak! the mind's defects to hide!) ,o4986-l17835,/aɪd/ | /aɪd/,full,<b>a</b><b>a</b>,pers00210,o4986-w0400
hide | pride, (Mysterious cloak! the mind's defects to hide!) ,o4986-l17835," Full fraught with forms, and grave pedantick pride,",o4986-l17830,/aɪd/ | /aɪd/,full,<b>a</b><b>a</b>,pers00210,o4986-w0400
great | state,"Sordid in small things, prodigal in great,",o4986-l17840," Saving for minions, squandering for the state —",o4986-l17845,/eɪt/ | /eɪt/,full,<b>a</b><b>a</b>,pers00210,o4986-w0400
state | great," Saving for minions, squandering for the state —",o4986-l17845,"Sordid in small things, prodigal in great,",o4986-l17840,/eɪt/ | /eɪt/,full,<b>a</b><b>a</b>,pers00210,o4986-w0400
bane | reign," Should such a miscreant, born for England's bane,",o4986-l17850, Obscure the glories of a prosperous reign;,o4986-l17855,/eɪn/ | /eɪn/,full,<b>a</b><b>a</b>,pers00210,o4986-w0400
reign | bane, Obscure the glories of a prosperous reign;,o4986-l17855," Should such a miscreant, born for England's bane,",o4986-l17850,/eɪn/ | /eɪn/,full,<b>a</b><b>a</b>,pers00210,o4986-w0400
art | heart," Gain, by the semblance of each praiseful art,",o4986-l17860, A pious prince's unsuspecting heart;,o4986-l17865,/ɑːt/ | /ɑːt/,full,<b>a</b><b>a</b>,pers00210,o4986-w0400
heart | art, A pious prince's unsuspecting heart;,o4986-l17865," Gain, by the semblance of each praiseful art,",o4986-l17860,/ɑːt/ | /ɑːt/,full,<b>a</b><b>a</b>,pers00210,o4986-w0400
own | throne," Envious of worth, and talents not his own,",o4986-l17870, Chase all experienc'd merit from the throne;,o4986-l17875,/əʊn/ | /əʊn/,full,<b>a</b><b>a</b>,pers00210,o4986-w0400
throne | own, Chase all experienc'd merit from the throne;,o4986-l17875," Envious of worth, and talents not his own,",o4986-l17870,/əʊn/ | /əʊn/,full,<b>a</b><b>a</b>,pers00210,o4986-w0400
compose | foes," To guide the helm a motley crew compose,",o4986-l17880," Servile to him, the king's and country's foes;",o4986-l17885,/əʊz/ | /əʊz/,full,<b>a</b><b>a</b>,pers00210,o4986-w0400
foes | compose," Servile to him, the king's and country's foes;",o4986-l17885," To guide the helm a motley crew compose,",o4986-l17880,/əʊz/ | /əʊz/,full,<b>a</b><b>a</b>,pers00210,o4986-w0400
sill | will," Meanly descend each paltry place to sill,",o4986-l17890," With tools of power, and plandars to his will;",o4986-l17895,/ɪl/ | /ɪl/,full,<b>a</b><b>a</b>,pers00210,o4986-w0400
will | sill," With tools of power, and plandars to his will;",o4986-l17895," Meanly descend each paltry place to sill,",o4986-l17890,/ɪl/ | /ɪl/,full,<b>a</b><b>a</b>,pers00210,o4986-w0400
all | baal," Brandishing high the scorpion scourage o'er all,",o4986-l17900, Except such slaves as bow the knee to Baal —,o4986-l17905,/ɔːl/ | /ɑːl/,half-pararhyme,<b>a</b><b>a</b>,pers00210,o4986-w0400
baal | all, Except such slaves as bow the knee to Baal —,o4986-l17905," Brandishing high the scorpion scourage o'er all,",o4986-l17900,/ɑːl/ | /ɔːl/,half-pararhyme,<b>a</b><b>a</b>,pers00210,o4986-w0400
hour | power, Should Albion's fate decree the baneful hour —,o4986-l17910, Short be the date of his detested power! ,o4986-l17915,/æə/ | /aʊə/,half-pararhyme,<b>a</b><b>a</b>,pers00210,o4986-w0400
power | hour, Short be the date of his detested power! ,o4986-l17915, Should Albion's fate decree the baneful hour —,o4986-l17910,/aʊə/ | /æə/,half-pararhyme,<b>a</b><b>a</b>,pers00210,o4986-w0400
rods | god's,"Soon may his sovereign break his iron rods,",o4986-l17920, And hear his people; for their voice is God's! ,o4986-l17925,/ɒdz/ | /ɒdz/,full,<b>a</b><b>a</b>,pers00210,o4986-w0400
god's | rods, And hear his people; for their voice is God's! ,o4986-l17925,"Soon may his sovereign break his iron rods,",o4986-l17920,/ɒdz/ | /ɒdz/,full,<b>a</b><b>a</b>,pers00210,o4986-w0400
cease | peace,"Cease then your wiles, ye fawning courtiers! cease,",o4986-l17930, Suffer your rulers to repose in peace;,o4986-l17935,/iːs/ | /iːs/,full,<b>a</b><b>a</b>,pers00210,o4986-w0400
peace | cease, Suffer your rulers to repose in peace;,o4986-l17935,"Cease then your wiles, ye fawning courtiers! cease,",o4986-l17930,/iːs/ | /iːs/,full,<b>a</b><b>a</b>,pers00210,o4986-w0400
things | kings," By Reason led, give proper names to things,",o4986-l17940," God made them men, the people made them kings;",o4986-l17945,/ɪŋz/ | /ɪŋz/,full,<b>a</b><b>a</b>,pers00210,o4986-w0400
kings | things," God made them men, the people made them kings;",o4986-l17945," By Reason led, give proper names to things,",o4986-l17940,/ɪŋz/ | /ɪŋz/,full,<b>a</b><b>a</b>,pers00210,o4986-w0400
belong | wrong," To all their acts but legal powers belong,",o4986-l17950, Thus England's Monarch never can do wrong;,o4986-l17955,/ɒŋ/ | /ɒŋ/,full,<b>a</b><b>a</b>,pers00210,o4986-w0400
wrong | belong, Thus England's Monarch never can do wrong;,o4986-l17955," To all their acts but legal powers belong,",o4986-l17950,/ɒŋ/ | /ɒŋ/,full,<b>a</b><b>a</b>,pers00210,o4986-w0400
dream | supreme," Of right divine let soolish FILMER dream,",o4986-l17960, The publick welfare is the law supreme. ,o4986-l17965,/iːm/ | /iːm/,full,<b>a</b><b>a</b>,pers00210,o4986-w0400
supreme | dream, The publick welfare is the law supreme. ,o4986-l17965," Of right divine let soolish FILMER dream,",o4986-l17960,/iːm/ | /iːm/,full,<b>a</b><b>a</b>,pers00210,o4986-w0400
soul | control,"Lives there a wretch, whose base, degenerate soul",o4986-l17970, Can crouch beneath a tyrant's stern controul? ,o4986-l17975,/əʊl/ | /əʊl/,full,<b>a</b><b>a</b>,pers00210,o4986-w0400
control | soul, Can crouch beneath a tyrant's stern controul? ,o4986-l17975,"Lives there a wretch, whose base, degenerate soul",o4986-l17970,/əʊl/ | /əʊl/,full,<b>a</b><b>a</b>,pers00210,o4986-w0400
hand | land,"Cringe to his nod, ignobly kiss the hand",o4986-l17980, In galling chains that binds his native land? ,o4986-l17985,/ænd/ | /ænd/,full,<b>a</b><b>a</b>,pers00210,o4986-w0400
land | hand, In galling chains that binds his native land? ,o4986-l17985,"Cringe to his nod, ignobly kiss the hand",o4986-l17980,/ænd/ | /ænd/,full,<b>a</b><b>a</b>,pers00210,o4986-w0400
sear | dear,"Purchas'd by gold, or aw'd by slavish sear,",o4986-l17990, Abandon all his ancestors held dear? ,o4986-l17995,/ɪə/ | /ɪə/,full,<b>a</b><b>a</b>,pers00210,o4986-w0400
dear | sear, Abandon all his ancestors held dear? ,o4986-l17995,"Purchas'd by gold, or aw'd by slavish sear,",o4986-l17990,/ɪə/ | /ɪə/,full,<b>a</b><b>a</b>,pers00210,o4986-w0400
toil | spoil,"Tamely behold that fruit of glorious toil,",o4986-l18000, England's Great Charter made a russian's spoil;,o4986-l18005,/ɔɪl/ | /ɔɪl/,full,<b>a</b><b>a</b>,pers00210,o4986-w0400
spoil | toil, England's Great Charter made a russian's spoil;,o4986-l18005,"Tamely behold that fruit of glorious toil,",o4986-l18000,/ɔɪl/ | /ɔɪl/,full,<b>a</b><b>a</b>,pers00210,o4986-w0400
groan | throne," Hear, unconcern'd, his injured country groan,",o4986-l18010, Nor stretch an arm to hurl him from the throne? ,o4986-l18015,/əʊn/ | /əʊn/,full,<b>a</b><b>a</b>,pers00210,o4986-w0400
throne | groan, Nor stretch an arm to hurl him from the throne? ,o4986-l18015," Hear, unconcern'd, his injured country groan,",o4986-l18010,/əʊn/ | /əʊn/,full,<b>a</b><b>a</b>,pers00210,o4986-w0400
claims | james,"Let such to freedom forfeit all their claims,",o4986-l18020," And CHARLES's minious be the slaves of JAMES,",o4986-l18025,/eɪmz/ | /eɪmz/,full,<b>a</b><b>a</b>,pers00210,o4986-w0400
james | claims," And CHARLES's minious be the slaves of JAMES,",o4986-l18025,"Let such to freedom forfeit all their claims,",o4986-l18020,/eɪmz/ | /eɪmz/,full,<b>a</b><b>a</b>,pers00210,o4986-w0400
attend | friend,"But soft awhile — Now, CAVENDISH, attend",o4986-l18030, The warm effusions of thy dying friend;,o4986-l18035,/end/ | /end/,full,<b>a</b><b>a</b>,pers00210,o4986-w0400
friend | attend, The warm effusions of thy dying friend;,o4986-l18035,"But soft awhile — Now, CAVENDISH, attend",o4986-l18030,/end/ | /end/,full,<b>a</b><b>a</b>,pers00210,o4986-w0400
reveal | appeal," Fearless who dares his inmost thoughts reveal,",o4986-l18040, When thus to Heaven he makes his last appeal. ,o4986-l18045,/iːl/ | /iːl/,full,<b>a</b><b>a</b>,pers00210,o4986-w0400
appeal | reveal, When thus to Heaven he makes his last appeal. ,o4986-l18045," Fearless who dares his inmost thoughts reveal,",o4986-l18040,/iːl/ | /iːl/,full,<b>a</b><b>a</b>,pers00210,o4986-w0400
bounds | surrounds,All-gracious God! whose goodness knows no bounds! ,o4986-l18050,Whose power the ample universe surrounds! ,o4986-l18055,/aʊndz/ | /aʊndz/,full,<b>a</b><b>a</b>,pers00210,o4986-w0400
surrounds | bounds,Whose power the ample universe surrounds! ,o4986-l18055,All-gracious God! whose goodness knows no bounds! ,o4986-l18050,/aʊndz/ | /aʊndz/,full,<b>a</b><b>a</b>,pers00210,o4986-w0400
just | dust,"In whose great balance, infinitely just,",o4986-l18060," Kings are but men, and men are only dust;",o4986-l18065,/ʌst/ | /ʌst/,full,<b>a</b><b>a</b>,pers00210,o4986-w0400
dust | just," Kings are but men, and men are only dust;",o4986-l18065,"In whose great balance, infinitely just,",o4986-l18060,/ʌst/ | /ʌst/,full,<b>a</b><b>a</b>,pers00210,o4986-w0400
falls | calls," At thy tribunal low thy suppliant falls,",o4986-l18070," And here condemn'd, on thee for mercy calls! ",o4986-l18075,/ɔːlz/ | /ɔːlz/,full,<b>a</b><b>a</b>,pers00210,o4986-w0400
calls | falls," And here condemn'd, on thee for mercy calls! ",o4986-l18075," At thy tribunal low thy suppliant falls,",o4986-l18070,/ɔːlz/ | /ɔːlz/,full,<b>a</b><b>a</b>,pers00210,o4986-w0400
complain | vain,"Thou hear'st not, Lord! an hypocrite complain,",o4986-l18080, And sure with thee hypocrisy were vain;,o4986-l18085,/eɪn/ | /eɪn/,full,<b>a</b><b>a</b>,pers00210,o4986-w0400
vain | complain, And sure with thee hypocrisy were vain;,o4986-l18085,"Thou hear'st not, Lord! an hypocrite complain,",o4986-l18080,/eɪn/ | /eɪn/,full,<b>a</b><b>a</b>,pers00210,o4986-w0400
bare | spare," To thy all-piercing eye the heart lies bare,",o4986-l18090," Thou know'st my sins, and, knowing, still canst spare! ",o4986-l18095,/eə/ | /eə/,full,<b>a</b><b>a</b>,pers00210,o4986-w0400
spare | bare," Thou know'st my sins, and, knowing, still canst spare! ",o4986-l18095," To thy all-piercing eye the heart lies bare,",o4986-l18090,/eə/ | /eə/,full,<b>a</b><b>a</b>,pers00210,o4986-w0400
awe | law,"Though partial power its ministers may awe,",o4986-l18100, And murder here by specious forms of law;,o4986-l18105,/ɔː/ | /ɔː/,full,<b>a</b><b>a</b>,pers00210,o4986-w0400
law | awe, And murder here by specious forms of law;,o4986-l18105,"Though partial power its ministers may awe,",o4986-l18100,/ɔː/ | /ɔː/,full,<b>a</b><b>a</b>,pers00210,o4986-w0400
decree | free," The axe, which executes the harsh decree,",o4986-l18110," But wounds the flesh, to set the spirit free! ",o4986-l18115,/iː/ | /iː/,full,<b>a</b><b>a</b>,pers00210,o4986-w0400
free | decree," But wounds the flesh, to set the spirit free! ",o4986-l18115," The axe, which executes the harsh decree,",o4986-l18110,/iː/ | /iː/,full,<b>a</b><b>a</b>,pers00210,o4986-w0400
despise | flies,"Well may the man a tyrant's frown despise,",o4986-l18120," Who, spurning earth, to Heaven for refuge flies;",o4986-l18125,/aɪz/ | /aɪz/,full,<b>a</b><b>a</b>,pers00210,o4986-w0400
flies | despise," Who, spurning earth, to Heaven for refuge flies;",o4986-l18125,"Well may the man a tyrant's frown despise,",o4986-l18120,/aɪz/ | /aɪz/,full,<b>a</b><b>a</b>,pers00210,o4986-w0400
prevail | fail," And on thy mercy, when his foes prevail,",o4986-l18130, Builds his firm trust; that rock can never fail! ,o4986-l18135,/eɪl/ | /eɪl/,full,<b>a</b><b>a</b>,pers00210,o4986-w0400
fail | prevail, Builds his firm trust; that rock can never fail! ,o4986-l18135," And on thy mercy, when his foes prevail,",o4986-l18130,/eɪl/ | /eɪl/,full,<b>a</b><b>a</b>,pers00210,o4986-w0400
prayer | care,"Hear then, Jehovah! hear thy servant's prayer! ",o4986-l18140,Be England's welfare thy peculiar care! ,o4986-l18145,/eɪə/ | /eə/,half-pararhyme,<b>a</b><b>a</b>,pers00210,o4986-w0400
care | prayer,Be England's welfare thy peculiar care! ,o4986-l18145,"Hear then, Jehovah! hear thy servant's prayer! ",o4986-l18140,/eə/ | /eɪə/,half-pararhyme,<b>a</b><b>a</b>,pers00210,o4986-w0400
pure | endure,"Defend her laws, her worship chaste, and pure,",o4986-l18150, And guard her rights while Heaven and Earth endure! ,o4986-l18155,/ʊə/ | /ʊə/,full,<b>a</b><b>a</b>,pers00210,o4986-w0400
endure | pure, And guard her rights while Heaven and Earth endure! ,o4986-l18155,"Defend her laws, her worship chaste, and pure,",o4986-l18150,/ʊə/ | /ʊə/,full,<b>a</b><b>a</b>,pers00210,o4986-w0400
sway | display,O let not ever fell Tyrannick Sway,o4986-l18160, His blood-stain'd standard on her shores display! ,o4986-l18165,/eɪ/ | /eɪ/,full,<b>a</b><b>a</b>,pers00210,o4986-w0400
display | sway, His blood-stain'd standard on her shores display! ,o4986-l18165,O let not ever fell Tyrannick Sway,o4986-l18160,/eɪ/ | /eɪ/,full,<b>a</b><b>a</b>,pers00210,o4986-w0400
name | flame,"Nor fiery Zeal usurp thy holy name,",o4986-l18170," Blinded with blood, and wrapt in rolls of flame! ",o4986-l18175,/eɪm/ | /eɪm/,full,<b>a</b><b>a</b>,pers00210,o4986-w0400
flame | name," Blinded with blood, and wrapt in rolls of flame! ",o4986-l18175,"Nor fiery Zeal usurp thy holy name,",o4986-l18170,/eɪm/ | /eɪm/,full,<b>a</b><b>a</b>,pers00210,o4986-w0400
chain | vain,"In vain let Slavery shake her threatening chain,",o4986-l18180, And Persecution wave her torch in vain! ,o4986-l18185,/eɪn/ | /eɪn/,full,<b>a</b><b>a</b>,pers00210,o4986-w0400
vain | chain, And Persecution wave her torch in vain! ,o4986-l18185,"In vain let Slavery shake her threatening chain,",o4986-l18180,/eɪn/ | /eɪn/,full,<b>a</b><b>a</b>,pers00210,o4986-w0400
call | fall,"Arise, O Lord! and hear thy people's call! ",o4986-l18190,Nor for one man let three great kingdoms fall! ,o4986-l18195,/ɔːl/ | /ɔːl/,full,<b>a</b><b>a</b>,pers00210,o4986-w0400
fall | call,Nor for one man let three great kingdoms fall! ,o4986-l18195,"Arise, O Lord! and hear thy people's call! ",o4986-l18190,/ɔːl/ | /ɔːl/,full,<b>a</b><b>a</b>,pers00210,o4986-w0400
rage | assuage,O! that my blood may glut the barbarous rage,o4986-l18200," Of Freedom's foes, and England's ills asswage! —",o4986-l18205,/eɪdʒ/ | /eɪdʒ/,full,<b>a</b><b>a</b>,pers00210,o4986-w0400
assuage | rage," Of Freedom's foes, and England's ills asswage! —",o4986-l18205,O! that my blood may glut the barbarous rage,o4986-l18200,/eɪdʒ/ | /eɪdʒ/,full,<b>a</b><b>a</b>,pers00210,o4986-w0400
repeal | weal," Grant but that prayer, I ask for no repeal,",o4986-l18210, A willing victim for my country's weal! ,o4986-l18215,/iːl/ | /iːl/,full,<b>a</b><b>a</b>,pers00210,o4986-w0400
weal | repeal, A willing victim for my country's weal! ,o4986-l18215," Grant but that prayer, I ask for no repeal,",o4986-l18210,/iːl/ | /iːl/,full,<b>a</b><b>a</b>,pers00210,o4986-w0400
flow | blow,"With rapturous joy the crimson stream shall flow,",o4986-l18220, And my heart leap to meet the friendly blow! ,o4986-l18225,/əʊ/ | /əʊ/,full,<b>a</b><b>a</b>,pers00210,o4986-w0400
blow | flow, And my heart leap to meet the friendly blow! ,o4986-l18225,"With rapturous joy the crimson stream shall flow,",o4986-l18220,/əʊ/ | /əʊ/,full,<b>a</b><b>a</b>,pers00210,o4986-w0400
gore | more,"But should the fiend, tho' drench'd with human gore,",o4986-l18230," Dire Bigotry, insatiate, thirst for more,",o4986-l18235,/ɔː/ | /ɔː/,full,<b>a</b><b>a</b>,pers00210,o4986-w0400
more | gore," Dire Bigotry, insatiate, thirst for more,",o4986-l18235,"But should the fiend, tho' drench'd with human gore,",o4986-l18230,/ɔː/ | /ɔː/,full,<b>a</b><b>a</b>,pers00210,o4986-w0400
land | hand," And, arm'd from Rome, seek this devoted land,",o4986-l18240," Death in her eye, and bondage in her hand —",o4986-l18245,/ænd/ | /ænd/,full,<b>a</b><b>a</b>,pers00210,o4986-w0400
hand | land," Death in her eye, and bondage in her hand —",o4986-l18245," And, arm'd from Rome, seek this devoted land,",o4986-l18240,/ænd/ | /ænd/,full,<b>a</b><b>a</b>,pers00210,o4986-w0400
desires | fires, Blast her fell purpose! blast her foul desires! ,o4986-l18250,"Break short her sword, and quench her horrid fires! ",o4986-l18255,/æəz/ | /æəz/,full,<b>a</b><b>a</b>,pers00210,o4986-w0400
fires | desires,"Break short her sword, and quench her horrid fires! ",o4986-l18255, Blast her fell purpose! blast her foul desires! ,o4986-l18250,/æəz/ | /æəz/,full,<b>a</b><b>a</b>,pers00210,o4986-w0400
maintain | reign,"Raise up some champion, zealous to maintain",o4986-l18260," The sacred compact, by which monarchs reign! ",o4986-l18265,/eɪn/ | /eɪn/,full,<b>a</b><b>a</b>,pers00210,o4986-w0400
reign | maintain," The sacred compact, by which monarchs reign! ",o4986-l18265,"Raise up some champion, zealous to maintain",o4986-l18260,/eɪn/ | /eɪn/,full,<b>a</b><b>a</b>,pers00210,o4986-w0400
afar | war,"Wise to foresee all danger from afar,",o4986-l18270, And brave to meet the thunders of the war! ,o4986-l18275,/ɑː/ | /ɔː/,half-pararhyme,<b>a</b><b>a</b>,pers00210,o4986-w0400
war | afar, And brave to meet the thunders of the war! ,o4986-l18275,"Wise to foresee all danger from afar,",o4986-l18270,/ɔː/ | /ɑː/,half-pararhyme,<b>a</b><b>a</b>,pers00210,o4986-w0400
confined | mind,"Let pure religion, not to forms confin'd,",o4986-l18280, And love of freedom fill his generous mind! ,o4986-l18285,/aɪnd/ | /aɪnd/,full,<b>a</b><b>a</b>,pers00210,o4986-w0400
mind | confined, And love of freedom fill his generous mind! ,o4986-l18285,"Let pure religion, not to forms confin'd,",o4986-l18280,/aɪnd/ | /aɪnd/,full,<b>a</b><b>a</b>,pers00210,o4986-w0400
glow | foe,"Warm let his breast with sparks coelestial glow,",o4986-l18290," Benign to man, the tyrant's deadly foe! ",o4986-l18295,/əʊ/ | /əʊ/,full,<b>a</b><b>a</b>,pers00210,o4986-w0400
foe | glow," Benign to man, the tyrant's deadly foe! ",o4986-l18295,"Warm let his breast with sparks coelestial glow,",o4986-l18290,/əʊ/ | /əʊ/,full,<b>a</b><b>a</b>,pers00210,o4986-w0400
arm | harm,"While sinking nations rest upon his arm,",o4986-l18300, Do thou the great Deliverer shield from harm! ,o4986-l18305,/ɑːm/ | /ɑːm/,full,<b>a</b><b>a</b>,pers00210,o4986-w0400
harm | arm, Do thou the great Deliverer shield from harm! ,o4986-l18305,"While sinking nations rest upon his arm,",o4986-l18300,/ɑːm/ | /ɑːm/,full,<b>a</b><b>a</b>,pers00210,o4986-w0400
sword | restored,Inspire his councils! aid his righteous sword! ,o4986-l18310,Till Albion rings with Liberty restor'd! ,o4986-l18315,/ɔːd/ | /ɔːd/,full,<b>a</b><b>a</b>,pers00210,o4986-w0400
restored | sword,Till Albion rings with Liberty restor'd! ,o4986-l18315,Inspire his councils! aid his righteous sword! ,o4986-l18310,/ɔːd/ | /ɔːd/,full,<b>a</b><b>a</b>,pers00210,o4986-w0400
run | sun,Thence let her years in bright succession run! ,o4986-l18320,And Freedom reign coaeval with the sun. ,o4986-l18325,/ʌn/ | /ʌn/,full,<b>a</b><b>a</b>,pers00210,o4986-w0400
sun | run,And Freedom reign coaeval with the sun. ,o4986-l18325,Thence let her years in bright succession run! ,o4986-l18320,/ʌn/ | /ʌn/,full,<b>a</b><b>a</b>,pers00210,o4986-w0400
prayer | there,"'Tis done, my CA'NDISH, Heaven has heard my prayer;",o4986-l18330," So speaks my heart, for all is rapture there. ",o4986-l18335,/eɪə/ | /eə/,half-pararhyme,<b>a</b><b>a</b>,pers00210,o4986-w0400
there | prayer," So speaks my heart, for all is rapture there. ",o4986-l18335,"'Tis done, my CA'NDISH, Heaven has heard my prayer;",o4986-l18330,/eə/ | /eɪə/,half-pararhyme,<b>a</b><b>a</b>,pers00210,o4986-w0400
eyes | arise,"To Belgia's coast advert thy ravish'd eyes,",o4986-l18340," That happy coast, whence all our hopes arise! ",o4986-l18345,/aɪz/ | /aɪz/,full,<b>a</b><b>a</b>,pers00210,o4986-w0400
arise | eyes," That happy coast, whence all our hopes arise! ",o4986-l18345,"To Belgia's coast advert thy ravish'd eyes,",o4986-l18340,/aɪz/ | /aɪz/,full,<b>a</b><b>a</b>,pers00210,o4986-w0400
king | spring,"Behold the Prince, perhaps thy future king! ",o4986-l18350,From whose green years maturest blessings spring;,o4986-l18355,/ɪŋ/ | /ɪŋ/,full,<b>a</b><b>a</b>,pers00210,o4986-w0400
spring | king,From whose green years maturest blessings spring;,o4986-l18355,"Behold the Prince, perhaps thy future king! ",o4986-l18350,/ɪŋ/ | /ɪŋ/,full,<b>a</b><b>a</b>,pers00210,o4986-w0400
power | devour," Whose youthful arm, when all-o'erwhelming Power",o4986-l18360," Ruthless march'd forth, his country to devour,",o4986-l18365,/aʊə/ | /aʊə/,full,<b>a</b><b>a</b>,pers00210,o4986-w0400
devour | power," Ruthless march'd forth, his country to devour,",o4986-l18365," Whose youthful arm, when all-o'erwhelming Power",o4986-l18360,/aʊə/ | /aʊə/,full,<b>a</b><b>a</b>,pers00210,o4986-w0400
force | course," With firm brac'd nerve repell'd the brutal force,",o4986-l18370, And stopp'd th' unwieldy giant in his course. ,o4986-l18375,/ɔːs/ | /ɔːs/,full,<b>a</b><b>a</b>,pers00210,o4986-w0400
course | force, And stopp'd th' unwieldy giant in his course. ,o4986-l18375," With firm brac'd nerve repell'd the brutal force,",o4986-l18370,/ɔːs/ | /ɔːs/,full,<b>a</b><b>a</b>,pers00210,o4986-w0400
despise | eyes,"Great William hail! who sceptres could despise,",o4986-l18380, And spurn a crown with unretorted eyes! ,o4986-l18385,/aɪz/ | /aɪz/,full,<b>a</b><b>a</b>,pers00210,o4986-w0400
eyes | despise, And spurn a crown with unretorted eyes! ,o4986-l18385,"Great William hail! who sceptres could despise,",o4986-l18380,/aɪz/ | /aɪz/,full,<b>a</b><b>a</b>,pers00210,o4986-w0400
thee | free,"O! when will princes learn to copy thee,",o4986-l18390," And leave mankind, as Heaven ordain'd them, free! ",o4986-l18395,/iː/ | /iː/,full,<b>a</b><b>a</b>,pers00210,o4986-w0400
free | thee," And leave mankind, as Heaven ordain'd them, free! ",o4986-l18395,"O! when will princes learn to copy thee,",o4986-l18390,/iː/ | /iː/,full,<b>a</b><b>a</b>,pers00210,o4986-w0400
restore | shore,"Haste, mighty chief! our injur'd rights restore! ",o4986-l18400,Quick spread thy sails for Albion's longing shore! ,o4986-l18405,/ɔː/ | /ɔː/,full,<b>a</b><b>a</b>,pers00210,o4986-w0400
shore | restore,Quick spread thy sails for Albion's longing shore! ,o4986-l18405,"Haste, mighty chief! our injur'd rights restore! ",o4986-l18400,/ɔː/ | /ɔː/,full,<b>a</b><b>a</b>,pers00210,o4986-w0400
enslaved | saved,"Haste, mighty chief! ere millions groan enslav'd;",o4986-l18410, And add three realms to one already saved! ,o4986-l18415,/eɪvd/ | /eɪvd/,full,<b>a</b><b>a</b>,pers00210,o4986-w0400
saved | enslaved, And add three realms to one already saved! ,o4986-l18415,"Haste, mighty chief! ere millions groan enslav'd;",o4986-l18410,/eɪvd/ | /eɪvd/,full,<b>a</b><b>a</b>,pers00210,o4986-w0400
dear | year,"While Freedom lives, thy memory shall be dear,",o4986-l18420, And reap fresh honours each returning year;,o4986-l18425,/ɪə/ | /ɪə/,full,<b>a</b><b>a</b>,pers00210,o4986-w0400
year | dear, And reap fresh honours each returning year;,o4986-l18425,"While Freedom lives, thy memory shall be dear,",o4986-l18420,/ɪə/ | /ɪə/,full,<b>a</b><b>a</b>,pers00210,o4986-w0400
fame | name," Nations preserv'd shall yield immortal fame,",o4986-l18430, And endless ages bless thy glorious name! ,o4986-l18435,/eɪm/ | /eɪm/,full,<b>a</b><b>a</b>,pers00210,o4986-w0400
name | fame, And endless ages bless thy glorious name! ,o4986-l18435," Nations preserv'd shall yield immortal fame,",o4986-l18430,/eɪm/ | /eɪm/,full,<b>a</b><b>a</b>,pers00210,o4986-w0400
field | wield,"Then shall my CA'NDISH, foremost in the field,",o4986-l18440," By justice arm'd, his sword conspicuous wield;",o4986-l18445,/iːld/ | /iːld/,full,<b>a</b><b>a</b>,pers00210,o4986-w0400
wield | field," By justice arm'd, his sword conspicuous wield;",o4986-l18445,"Then shall my CA'NDISH, foremost in the field,",o4986-l18440,/iːld/ | /iːld/,full,<b>a</b><b>a</b>,pers00210,o4986-w0400
car | war," While willing legions crowd around his car,",o4986-l18450, And rush impetuous to the righteous war. ,o4986-l18455,/ɑː/ | /ɔː/,half-pararhyme,<b>a</b><b>a</b>,pers00210,o4986-w0400
war | car, And rush impetuous to the righteous war. ,o4986-l18455," While willing legions crowd around his car,",o4986-l18450,/ɔː/ | /ɑː/,half-pararhyme,<b>a</b><b>a</b>,pers00210,o4986-w0400
defied | side,"On that great day be every chance defied,",o4986-l18460, And think thy RUSSELL combats by thy side;,o4986-l18465,/aɪd/ | /aɪd/,full,<b>a</b><b>a</b>,pers00210,o4986-w0400
side | defied, And think thy RUSSELL combats by thy side;,o4986-l18465,"On that great day be every chance defied,",o4986-l18460,/aɪd/ | /aɪd/,full,<b>a</b><b>a</b>,pers00210,o4986-w0400
toil | isle," Nor, crown'd with victory, cease thy generous toil,",o4986-l18470, Till firmest peace secure this happy isle. ,o4986-l18475,/ɔɪl/ | /aɪl/,half-pararhyme,<b>a</b><b>a</b>,pers00210,o4986-w0400
isle | toil, Till firmest peace secure this happy isle. ,o4986-l18475," Nor, crown'd with victory, cease thy generous toil,",o4986-l18470,/aɪl/ | /ɔɪl/,half-pararhyme,<b>a</b><b>a</b>,pers00210,o4986-w0400
believe | deceive,"Ne'er let thine honest, open heart believe",o4986-l18480," Professions specious, forg'd but to deceive;",o4986-l18485,/iːv/ | /iːv/,full,<b>a</b><b>a</b>,pers00210,o4986-w0400
deceive | believe," Professions specious, forg'd but to deceive;",o4986-l18485,"Ne'er let thine honest, open heart believe",o4986-l18480,/iːv/ | /iːv/,full,<b>a</b><b>a</b>,pers00210,o4986-w0400
fail | tale," Fear may extort them, when resources fail,",o4986-l18490," But O! reject the baseless, flattering tale. ",o4986-l18495,/eɪl/ | /eɪl/,full,<b>a</b><b>a</b>,pers00210,o4986-w0400
tale | fail," But O! reject the baseless, flattering tale. ",o4986-l18495," Fear may extort them, when resources fail,",o4986-l18490,/eɪl/ | /eɪl/,full,<b>a</b><b>a</b>,pers00210,o4986-w0400
bind | mind,"Think not that promises, or oaths can bind,",o4986-l18500," With solemn ties, a Rome-devoted mind;",o4986-l18505,/aɪnd/ | /aɪnd/,full,<b>a</b><b>a</b>,pers00210,o4986-w0400
mind | bind," With solemn ties, a Rome-devoted mind;",o4986-l18505,"Think not that promises, or oaths can bind,",o4986-l18500,/aɪnd/ | /aɪnd/,full,<b>a</b><b>a</b>,pers00210,o4986-w0400
says | faith," Which yields to all the holy juggler saith,",o4986-l18510," And deep imbibes the bloody, damning faith. ",o4986-l18515,/eθ/ | /eɪθ/,half-pararhyme,<b>a</b><b>a</b>,pers00210,o4986-w0400
faith | says," And deep imbibes the bloody, damning faith. ",o4986-l18515," Which yields to all the holy juggler saith,",o4986-l18510,/eɪθ/ | /eθ/,half-pararhyme,<b>a</b><b>a</b>,pers00210,o4986-w0400
eyes | skies,"What though the Bigot raise to Heaven his eyes,",o4986-l18520, And call the Almighty witness from the skies! ,o4986-l18525,/aɪz/ | /aɪz/,full,<b>a</b><b>a</b>,pers00210,o4986-w0400
skies | eyes, And call the Almighty witness from the skies! ,o4986-l18525,"What though the Bigot raise to Heaven his eyes,",o4986-l18520,/aɪz/ | /aɪz/,full,<b>a</b><b>a</b>,pers00210,o4986-w0400
explores | shores,"Soon as the wish'd occasion he explores,",o4986-l18530," To plant the Roman cross on England's shores,",o4986-l18535,/ɔːz/ | /ɔːz/,full,<b>a</b><b>a</b>,pers00210,o4986-w0400
shores | explores," To plant the Roman cross on England's shores,",o4986-l18535,"Soon as the wish'd occasion he explores,",o4986-l18530,/ɔːz/ | /ɔːz/,full,<b>a</b><b>a</b>,pers00210,o4986-w0400
applaud | fraud," All, all will vanish, while his priests applaud,",o4986-l18540, And saint the perjurer for the pious fraud. ,o4986-l18545,/ɔːd/ | /ɔːd/,full,<b>a</b><b>a</b>,pers00210,o4986-w0400
fraud | applaud, And saint the perjurer for the pious fraud. ,o4986-l18545," All, all will vanish, while his priests applaud,",o4986-l18540,/ɔːd/ | /ɔːd/,full,<b>a</b><b>a</b>,pers00210,o4986-w0400
climes | crimes,"Far let him fly these freedom-breathing climes,",o4986-l18550," And seek proud Rome, the fosterer of his crimes;",o4986-l18555,/aɪmz/ | /aɪmz/,full,<b>a</b><b>a</b>,pers00210,o4986-w0400
crimes | climes," And seek proud Rome, the fosterer of his crimes;",o4986-l18555,"Far let him fly these freedom-breathing climes,",o4986-l18550,/aɪmz/ | /aɪmz/,full,<b>a</b><b>a</b>,pers00210,o4986-w0400
chair | air," There let him strive to mount the Papal chair,",o4986-l18560," And scatter empty thunders in the air,",o4986-l18565,/eə/ | /eə/,full,<b>a</b><b>a</b>,pers00210,o4986-w0400
air | chair," And scatter empty thunders in the air,",o4986-l18565," There let him strive to mount the Papal chair,",o4986-l18560,/eə/ | /eə/,full,<b>a</b><b>a</b>,pers00210,o4986-w0400
school | rule," Grimly preside in Superstition's school,",o4986-l18570," And curse those kingdoms he could never rule,",o4986-l18575,/uːl/ | /uːl/,full,<b>a</b><b>a</b>,pers00210,o4986-w0400
rule | school," And curse those kingdoms he could never rule,",o4986-l18575," Grimly preside in Superstition's school,",o4986-l18570,/uːl/ | /uːl/,full,<b>a</b><b>a</b>,pers00210,o4986-w0400
adieu | view,"Here let me pause, and bid the world adieu,",o4986-l18580, While Heaven's bright mansions open to my view! —,o4986-l18585,/uː/ | /uː/,full,<b>a</b><b>a</b>,pers00210,o4986-w0400
view | adieu, While Heaven's bright mansions open to my view! —,o4986-l18585,"Here let me pause, and bid the world adieu,",o4986-l18580,/uː/ | /uː/,full,<b>a</b><b>a</b>,pers00210,o4986-w0400
remains | pains,"Yet still one care, one tender care remains;",o4986-l18590," My bounteous friend, relieve a father's pains! ",o4986-l18595,/eɪnz/ | /eɪnz/,full,<b>a</b><b>a</b>,pers00210,o4986-w0400
pains | remains," My bounteous friend, relieve a father's pains! ",o4986-l18595,"Yet still one care, one tender care remains;",o4986-l18590,/eɪnz/ | /eɪnz/,full,<b>a</b><b>a</b>,pers00210,o4986-w0400
youth | truth,"Watch o'er my Son, inform his waxen youth,",o4986-l18600, And mould his mind to virtue and to truth;,o4986-l18605,/uːθ/ | /uːθ/,full,<b>a</b><b>a</b>,pers00210,o4986-w0400
truth | youth, And mould his mind to virtue and to truth;,o4986-l18605,"Watch o'er my Son, inform his waxen youth,",o4986-l18600,/uːθ/ | /uːθ/,full,<b>a</b><b>a</b>,pers00210,o4986-w0400
prise | dies," Soon let him learn fair liberty to prize,",o4986-l18610," And envy him, who for his country dies;",o4986-l18615,/aɪz/ | /aɪz/,full,<b>a</b><b>a</b>,pers00210,o4986-w0400
dies | prise," And envy him, who for his country dies;",o4986-l18615," Soon let him learn fair liberty to prize,",o4986-l18610,/aɪz/ | /aɪz/,full,<b>a</b><b>a</b>,pers00210,o4986-w0400
whole | soul," In one short sentence to comprize the whole,",o4986-l18620, Transfuse to his the virtues of thy soul. ,o4986-l18625,/əʊl/ | /əʊl/,full,<b>a</b><b>a</b>,pers00210,o4986-w0400
soul | whole, Transfuse to his the virtues of thy soul. ,o4986-l18625," In one short sentence to comprize the whole,",o4986-l18620,/əʊl/ | /əʊl/,full,<b>a</b><b>a</b>,pers00210,o4986-w0400
friend | blend,"Preserve thy life, my too, too generous friend,",o4986-l18630, Nor seek with mine thy happier fate to blend! ,o4986-l18635,/end/ | /end/,full,<b>a</b><b>a</b>,pers00210,o4986-w0400
blend | friend, Nor seek with mine thy happier fate to blend! ,o4986-l18635,"Preserve thy life, my too, too generous friend,",o4986-l18630,/end/ | /end/,full,<b>a</b><b>a</b>,pers00210,o4986-w0400
laws | cause,"Live for thy country, live to guard her laws,",o4986-l18640," Proceed, and prosper in the glorious cause;",o4986-l18645,/ɔːz/ | /ɔːz/,full,<b>a</b><b>a</b>,pers00210,o4986-w0400
cause | laws," Proceed, and prosper in the glorious cause;",o4986-l18645,"Live for thy country, live to guard her laws,",o4986-l18640,/ɔːz/ | /ɔːz/,full,<b>a</b><b>a</b>,pers00210,o4986-w0400
fly | die," While I, though vanquish'd, scorn the field to fly,",o4986-l18650," But boldly face my foes, and bravely die. ",o4986-l18655,/aɪ/ | /aɪ/,full,<b>a</b><b>a</b>,pers00210,o4986-w0400
die | fly," But boldly face my foes, and bravely die. ",o4986-l18655," While I, though vanquish'd, scorn the field to fly,",o4986-l18650,/aɪ/ | /aɪ/,full,<b>a</b><b>a</b>,pers00210,o4986-w0400
beware | care,"Let princely MONMOUTH courtly wiles beware,",o4986-l18660, Nor trust too far to fond paternal care;,o4986-l18665,/eə/ | /eə/,full,<b>a</b><b>a</b>,pers00210,o4986-w0400
care | beware, Nor trust too far to fond paternal care;,o4986-l18665,"Let princely MONMOUTH courtly wiles beware,",o4986-l18660,/eə/ | /eə/,full,<b>a</b><b>a</b>,pers00210,o4986-w0400
cell | fell," Too oft dark deeds deform the midnight cell,",o4986-l18670, Heaven only knows how noble ESSEX fell! ,o4986-l18675,/el/ | /el/,full,<b>a</b><b>a</b>,pers00210,o4986-w0400
fell | cell, Heaven only knows how noble ESSEX fell! ,o4986-l18675," Too oft dark deeds deform the midnight cell,",o4986-l18670,/el/ | /el/,full,<b>a</b><b>a</b>,pers00210,o4986-w0400
mind | unconfined,"SIDNEY yet lives, whose comprehensive mind",o4986-l18680, Ranges at large through systems unconfin'd;,o4986-l18685,/aɪnd/ | /aɪnd/,full,<b>a</b><b>a</b>,pers00210,o4986-w0400
unconfined | mind, Ranges at large through systems unconfin'd;,o4986-l18685,"SIDNEY yet lives, whose comprehensive mind",o4986-l18680,/aɪnd/ | /aɪnd/,full,<b>a</b><b>a</b>,pers00210,o4986-w0400
power | tower," Wrapt in himself, he scorns the tyrant's power,",o4986-l18690, And hurls defiance even from the Tower;,o4986-l18695,/aʊə/ | /aʊə/,full,<b>a</b><b>a</b>,pers00210,o4986-w0400
tower | power, And hurls defiance even from the Tower;,o4986-l18695," Wrapt in himself, he scorns the tyrant's power,",o4986-l18690,/aʊə/ | /aʊə/,full,<b>a</b><b>a</b>,pers00210,o4986-w0400
decree | me," With tranquil brow awaits the unjust decree,",o4986-l18700," And, arm'd with virtue, looks to follow me. ",o4986-l18705,/iː/ | /iː/,full,<b>a</b><b>a</b>,pers00210,o4986-w0400
me | decree," And, arm'd with virtue, looks to follow me. ",o4986-l18705," With tranquil brow awaits the unjust decree,",o4986-l18700,/iː/ | /iː/,full,<b>a</b><b>a</b>,pers00210,o4986-w0400
entwine | thine,"CA'NDISH, farewell! may Fame our names entwine! ",o4986-l18710,"Through life I lov'd thee, dying I am thine;",o4986-l18715,/aɪn/ | /aɪn/,full,<b>a</b><b>a</b>,pers00210,o4986-w0400
thine | entwine,"Through life I lov'd thee, dying I am thine;",o4986-l18715,"CA'NDISH, farewell! may Fame our names entwine! ",o4986-l18710,/aɪn/ | /aɪn/,full,<b>a</b><b>a</b>,pers00210,o4986-w0400
thrown | stone," With pious rites let dust to dust be thrown,",o4986-l18720, And thus inscribe my monumental stone. ,o4986-l18725,/əʊn/ | /əʊn/,full,<b>a</b><b>a</b>,pers00210,o4986-w0400
stone | thrown, And thus inscribe my monumental stone. ,o4986-l18725," With pious rites let dust to dust be thrown,",o4986-l18720,/əʊn/ | /əʊn/,full,<b>a</b><b>a</b>,pers00210,o4986-w0400
grave | slave," ""Here RUSSEL lies, enfranchis'd by the grave,",o4986-l18730,""" He priz'd his birthright, nor would live a slave. ",o4986-l18735,/ɑːv/ | /eɪv/,half-pararhyme,<b>a</b><b>a</b>,pers00210,o4986-w0400
slave | grave,""" He priz'd his birthright, nor would live a slave. ",o4986-l18735," ""Here RUSSEL lies, enfranchis'd by the grave,",o4986-l18730,/eɪv/ | /ɑːv/,half-pararhyme,<b>a</b><b>a</b>,pers00210,o4986-w0400
sincere | dear," ""Few were his words, but honest and sincere,",o4986-l18740,""" Dear were his friends, his country still more dear;",o4986-l18745,/ɪə/ | /ɪə/,full,<b>a</b><b>a</b>,pers00210,o4986-w0400
dear | sincere,""" Dear were his friends, his country still more dear;",o4986-l18745," ""Few were his words, but honest and sincere,",o4986-l18740,/ɪə/ | /ɪə/,full,<b>a</b><b>a</b>,pers00210,o4986-w0400
blessed | rest," ""In parents, children, wife, supremely bless'd,",o4986-l18750,""" But that one passion swallow'd all the rest;",o4986-l18755,/esɪd/ | /est/,half-pararhyme,<b>a</b><b>a</b>,pers00210,o4986-w0400
rest | blessed,""" But that one passion swallow'd all the rest;",o4986-l18755," ""In parents, children, wife, supremely bless'd,",o4986-l18750,/est/ | /esɪd/,half-pararhyme,<b>a</b><b>a</b>,pers00210,o4986-w0400
pride | died," ""To guard her freedom was his only pride,",o4986-l18760,""" Such was his love, and for that love he died. "" ",o4986-l18765,/aɪd/ | /aɪd/,full,<b>a</b><b>a</b>,pers00210,o4986-w0400
died | pride,""" Such was his love, and for that love he died. "" ",o4986-l18765," ""To guard her freedom was his only pride,",o4986-l18760,/aɪd/ | /aɪd/,full,<b>a</b><b>a</b>,pers00210,o4986-w0400
displays | praise,"Yet fear not thou, when Liberty displays",o4986-l18770," Her glorious flag, to steer his course to praise;",o4986-l18775,/eɪz/ | /eɪz/,full,<b>a</b><b>a</b>,pers00210,o4986-w0400
praise | displays," Her glorious flag, to steer his course to praise;",o4986-l18775,"Yet fear not thou, when Liberty displays",o4986-l18770,/eɪz/ | /eɪz/,full,<b>a</b><b>a</b>,pers00210,o4986-w0400
fate | great," For know, (whoe'er thou art that read'st his fate,",o4986-l18780," And think'st, perhaps, his sufferings were too great,)",o4986-l18785,/eɪt/ | /eɪt/,full,<b>a</b><b>a</b>,pers00210,o4986-w0400
great | fate," And think'st, perhaps, his sufferings were too great,)",o4986-l18785," For know, (whoe'er thou art that read'st his fate,",o4986-l18780,/eɪt/ | /eɪt/,full,<b>a</b><b>a</b>,pers00210,o4986-w0400
call | all," Bless'd as he was, at her imperial call,",o4986-l18790," Wife, children, parents, he resign'd them all;",o4986-l18795,/ɔːl/ | /ɔːl/,full,<b>a</b><b>a</b>,pers00210,o4986-w0400
all | call," Wife, children, parents, he resign'd them all;",o4986-l18795," Bless'd as he was, at her imperial call,",o4986-l18790,/ɔːl/ | /ɔːl/,full,<b>a</b><b>a</b>,pers00210,o4986-w0400
soul | whole," Each fond affection then forsook his soul,",o4986-l18800, And AMOR PATRIAE occupied the whole;,o4986-l18805,/əʊl/ | /əʊl/,full,<b>a</b><b>a</b>,pers00210,o4986-w0400
whole | soul, And AMOR PATRIAE occupied the whole;,o4986-l18805," Each fond affection then forsook his soul,",o4986-l18800,/əʊl/ | /əʊl/,full,<b>a</b><b>a</b>,pers00210,o4986-w0400
doom | tomb," In that great cause he joy'd to meet his doom,",o4986-l18810," Bless'd the keen axe, and triumph'd o'er the tomb. ",o4986-l18815,/uːm/ | /uːm/,full,<b>a</b><b>a</b>,pers00210,o4986-w0400
tomb | doom," Bless'd the keen axe, and triumph'd o'er the tomb. ",o4986-l18815," In that great cause he joy'd to meet his doom,",o4986-l18810,/uːm/ | /uːm/,full,<b>a</b><b>a</b>,pers00210,o4986-w0400
me | flee,The hour draws near — But what are hours to me? ,o4986-l18820,"Hours, days, and years hence undistinguish'd flee! ",o4986-l18825,/iː/ | /iː/,full,<b>a</b><b>a</b>,pers00210,o4986-w0400
flee | me,"Hours, days, and years hence undistinguish'd flee! ",o4986-l18825,The hour draws near — But what are hours to me? ,o4986-l18820,/iː/ | /iː/,full,<b>a</b><b>a</b>,pers00210,o4986-w0400
away | day,"Time, and his glass unheeded pass away,",o4986-l18830," Absorb'd, and lost in one vast flood of day! ",o4986-l18835,/eɪ/ | /eɪ/,full,<b>a</b><b>a</b>,pers00210,o4986-w0400
day | away," Absorb'd, and lost in one vast flood of day! ",o4986-l18835,"Time, and his glass unheeded pass away,",o4986-l18830,/eɪ/ | /eɪ/,full,<b>a</b><b>a</b>,pers00210,o4986-w0400
high | sky,"On Freedom's wings my soul is borne on high,",o4986-l18840, And soars exulting to its native sky! ,o4986-l18845,/aɪ/ | /aɪ/,full,<b>a</b><b>a</b>,pers00210,o4986-w0400
sky | high, And soars exulting to its native sky! ,o4986-l18845,"On Freedom's wings my soul is borne on high,",o4986-l18840,/aɪ/ | /aɪ/,full,<b>a</b><b>a</b>,pers00210,o4986-w0400
gone | one,"ERE this short winter's day be gone,",o4986-l18850, My MARY ANNE is twenty one. ,o4986-l18855,/ɒn/ | /ʌn/,half-pararhyme,<b>a</b><b>a</b>,pers00210,o4986-w0410
one | gone, My MARY ANNE is twenty one. ,o4986-l18855,"ERE this short winter's day be gone,",o4986-l18850,/ʌn/ | /ɒn/,half-pararhyme,<b>a</b><b>a</b>,pers00210,o4986-w0410
lent | spent,"Of days still shorter just a Lent,",o4986-l18860," Patch'd up from different years, is spent,",o4986-l18865,/ent/ | /ent/,full,<b>a</b><b>a</b>,pers00210,o4986-w0410
spent | lent," Patch'd up from different years, is spent,",o4986-l18865,"Of days still shorter just a Lent,",o4986-l18860,/ent/ | /ent/,full,<b>a</b><b>a</b>,pers00210,o4986-w0410
reckoned | thirty-second, Since her Devoted fairly reckon'd,o4986-l18870, The close of year the thirty-second. ,o4986-l18875,/eknd/ | /eknd/,full,<b>a</b><b>a</b>,pers00210,o4986-w0410
thirty-second | reckoned, The close of year the thirty-second. ,o4986-l18875, Since her Devoted fairly reckon'd,o4986-l18870,/eknd/ | /eknd/,full,<b>a</b><b>a</b>,pers00210,o4986-w0410
years | appears,"Bending beneath the weight of years,",o4986-l18880," Full as infirm as he appears,",o4986-l18885,/ɪəz/ | /ɪəz/,full,<b>a</b><b>a</b>,pers00210,o4986-w0410
appears | years," Full as infirm as he appears,",o4986-l18885,"Bending beneath the weight of years,",o4986-l18880,/ɪəz/ | /ɪəz/,full,<b>a</b><b>a</b>,pers00210,o4986-w0410
do | thirty-two," What can a worn-out lover do,",o4986-l18890," With twenty-one, at thirty-two? ",o4986-l18895,/uː/ | /uː/,full,<b>a</b><b>a</b>,pers00210,o4986-w0410
thirty-two | do," With twenty-one, at thirty-two? ",o4986-l18895," What can a worn-out lover do,",o4986-l18890,/uː/ | /uː/,full,<b>a</b><b>a</b>,pers00210,o4986-w0410
is | senses,For such a phrenzy no defence is —,o4986-l18900, The girl has clearly lost her senses. ,o4986-l18905,/ɪz/ | /ensɪz/,half-vowelrhyme,<b>a</b><b>a</b>,pers00210,o4986-w0410
senses | is, The girl has clearly lost her senses. ,o4986-l18905,For such a phrenzy no defence is —,o4986-l18900,/ensɪz/ | /ɪz/,half-vowelrhyme,<b>a</b><b>a</b>,pers00210,o4986-w0410
notion | devotion,"Perhaps deceiv'd by some fond notion,",o4986-l18910," Embrac'd in rapture of devotion,",o4986-l18915,/əʊʃn/ | /əʊʃn/,full,<b>a</b><b>a</b>,pers00210,o4986-w0410
devotion | notion," Embrac'd in rapture of devotion,",o4986-l18915,"Perhaps deceiv'd by some fond notion,",o4986-l18910,/əʊʃn/ | /əʊʃn/,full,<b>a</b><b>a</b>,pers00210,o4986-w0410
them | bosom, (I quote such fancies to expose 'em),o4986-l18920, She dreams of bliss in Abraham's bosom;,o4986-l18925,/əm/ | /ʊzm/,half-pararhyme,<b>a</b><b>a</b>,pers00210,o4986-w0410
bosom | them, She dreams of bliss in Abraham's bosom;,o4986-l18925, (I quote such fancies to expose 'em),o4986-l18920,/ʊzm/ | /əm/,half-pararhyme,<b>a</b><b>a</b>,pers00210,o4986-w0410
rather | father," And chuses an Antique the rather,",o4986-l18930, With better grace to call him father. ,o4986-l18935,/ɑːðə/ | /ɑːðə/,full,<b>a</b><b>a</b>,pers00210,o4986-w0410
father | rather, With better grace to call him father. ,o4986-l18935," And chuses an Antique the rather,",o4986-l18930,/ɑːðə/ | /ɑːðə/,full,<b>a</b><b>a</b>,pers00210,o4986-w0410
suppressed | breast,"Perhaps — but fiction be suppress'd,",o4986-l18940, While real joy expands my breast —,o4986-l18945,/est/ | /est/,full,<b>a</b><b>a</b>,pers00210,o4986-w0410
breast | suppressed, While real joy expands my breast —,o4986-l18945,"Perhaps — but fiction be suppress'd,",o4986-l18940,/est/ | /est/,full,<b>a</b><b>a</b>,pers00210,o4986-w0410
approves | loves, My faithful flame her heart approves;,o4986-l18950, And O! transporting thought! she loves. ,o4986-l18955,/uːvz/ | /ʌvz/,half-pararhyme,<b>a</b><b>a</b>,pers00210,o4986-w0410
loves | approves, And O! transporting thought! she loves. ,o4986-l18955, My faithful flame her heart approves;,o4986-l18950,/ʌvz/ | /uːvz/,half-pararhyme,<b>a</b><b>a</b>,pers00210,o4986-w0410
sympathetic | prophetic,"When Souls, by impulse sympathetick,",o4986-l18960," By intuition most prophetick,",o4986-l18965,/etɪk/ | /etɪk/,full,<b>a</b><b>a</b>,pers00210,o4986-w0410
prophetic | sympathetic," By intuition most prophetick,",o4986-l18965,"When Souls, by impulse sympathetick,",o4986-l18960,/etɪk/ | /etɪk/,full,<b>a</b><b>a</b>,pers00210,o4986-w0410
smother | other," By feelings, which they cannot smother,",o4986-l18970," Leap at first glance to meet each other,",o4986-l18975,/ʌðə/ | /ʌðə/,full,<b>a</b><b>a</b>,pers00210,o4986-w0410
other | smother," Leap at first glance to meet each other,",o4986-l18975," By feelings, which they cannot smother,",o4986-l18970,/ʌðə/ | /ʌðə/,full,<b>a</b><b>a</b>,pers00210,o4986-w0410
traces | cases," When each itself in t'other traces,",o4986-l18980, What matter for their different cases? ,o4986-l18985,/eɪsɪz/ | /eɪsɪz/,full,<b>a</b><b>a</b>,pers00210,o4986-w0410
cases | traces, What matter for their different cases? ,o4986-l18985," When each itself in t'other traces,",o4986-l18980,/eɪsɪz/ | /eɪsɪz/,full,<b>a</b><b>a</b>,pers00210,o4986-w0410
pre-existence | assistance,"Of kin, perhaps, in pre-existence,",o4986-l18990," Without dull Reason's slow assistance,",o4986-l18995,/ɪstns/ | /ɪstəns/,half-vowelrhyme,<b>a</b><b>a</b>,pers00210,o4986-w0410
assistance | pre-existence," Without dull Reason's slow assistance,",o4986-l18995,"Of kin, perhaps, in pre-existence,",o4986-l18990,/ɪstəns/ | /ɪstns/,half-vowelrhyme,<b>a</b><b>a</b>,pers00210,o4986-w0410
union | communion," They recollect the happy union,",o4986-l19000, And long to recommence communion. ,o4986-l19005,/uːnjən/ | /uːniən/,half-vowelrhyme,<b>a</b><b>a</b>,pers00210,o4986-w0410
communion | union, And long to recommence communion. ,o4986-l19005," They recollect the happy union,",o4986-l19000,/uːniən/ | /uːnjən/,half-vowelrhyme,<b>a</b><b>a</b>,pers00210,o4986-w0410
attraction | satisfaction,"I must confess that such attraction,",o4986-l19010," For ease, convenience, satisfaction,",o4986-l19015,/ækʃn/ | /ækʃn/,full,<b>a</b><b>a</b>,pers00210,o4986-w0410
satisfaction | attraction," For ease, convenience, satisfaction,",o4986-l19015,"I must confess that such attraction,",o4986-l19010,/ækʃn/ | /ækʃn/,full,<b>a</b><b>a</b>,pers00210,o4986-w0410
deliberation | approbation," Were best if, on deliberation,",o4986-l19020, It met with Reason's approbation:,o4986-l19025,/eɪʃn/ | /eɪʃn/,full,<b>a</b><b>a</b>,pers00210,o4986-w0410
approbation | deliberation, It met with Reason's approbation:,o4986-l19025," Were best if, on deliberation,",o4986-l19020,/eɪʃn/ | /eɪʃn/,full,<b>a</b><b>a</b>,pers00210,o4986-w0410
dominion | opinion," Not as of absolute dominion,",o4986-l19030, To rule by dint of dark opinion;,o4986-l19035,/ɪnjən/ | /ɪnjən/,full,<b>a</b><b>a</b>,pers00210,o4986-w0410
opinion | dominion, To rule by dint of dark opinion;,o4986-l19035," Not as of absolute dominion,",o4986-l19030,/ɪnjən/ | /ɪnjən/,full,<b>a</b><b>a</b>,pers00210,o4986-w0410
sway | obey," Not as a Lord of sovereign sway,",o4986-l19040, Whom love must worship and obey;,o4986-l19045,/eɪ/ | /eɪ/,full,<b>a</b><b>a</b>,pers00210,o4986-w0410
obey | sway, Whom love must worship and obey;,o4986-l19045," Not as a Lord of sovereign sway,",o4986-l19040,/eɪ/ | /eɪ/,full,<b>a</b><b>a</b>,pers00210,o4986-w0410
inferior | superior, But merely as the herd inferior,o4986-l19050, May judge the acts of Powers superior;,o4986-l19055,/ɪəriə/ | /ɪəriə/,full,<b>a</b><b>a</b>,pers00210,o4986-w0410
superior | inferior, May judge the acts of Powers superior;,o4986-l19055, But merely as the herd inferior,o4986-l19050,/ɪəriə/ | /ɪəriə/,full,<b>a</b><b>a</b>,pers00210,o4986-w0410
thine | divine," As my poor intellect, or thine,",o4986-l19060, May scan authority divine —,o4986-l19065,/aɪn/ | /aɪn/,full,<b>a</b><b>a</b>,pers00210,o4986-w0410
divine | thine, May scan authority divine —,o4986-l19065," As my poor intellect, or thine,",o4986-l19060,/aɪn/ | /aɪn/,full,<b>a</b><b>a</b>,pers00210,o4986-w0410
love | above," In short, I'd have our simple love,",o4986-l19070," Not against reason, but above. ",o4986-l19075,/ʌv/ | /ʌv/,full,<b>a</b><b>a</b>,pers00210,o4986-w0410
above | love," Not against reason, but above. ",o4986-l19075," In short, I'd have our simple love,",o4986-l19070,/ʌv/ | /ʌv/,full,<b>a</b><b>a</b>,pers00210,o4986-w0410
feather | together,"Two birds, suppose, of various feather,",o4986-l19080," Hung in one room by chance together,",o4986-l19085,/eðə/ | /eðə/,full,<b>a</b><b>a</b>,pers00210,o4986-w0410
together | feather," Hung in one room by chance together,",o4986-l19085,"Two birds, suppose, of various feather,",o4986-l19080,/eðə/ | /eðə/,full,<b>a</b><b>a</b>,pers00210,o4986-w0410
voices | rejoices," To airs melodious tune their voices,",o4986-l19090, While each the other's ear rejoices:,o4986-l19095,/ɔɪsɪz/ | /ɔɪsɪz/,full,<b>a</b><b>a</b>,pers00210,o4986-w0410
rejoices | voices, While each the other's ear rejoices:,o4986-l19095," To airs melodious tune their voices,",o4986-l19090,/ɔɪsɪz/ | /ɔɪsɪz/,full,<b>a</b><b>a</b>,pers00210,o4986-w0410
erroneous | harmonious," If, without half a note erroneous,",o4986-l19100," The song be perfectly harmonious,",o4986-l19105,/əʊniəs/ | /əʊniəs/,full,<b>a</b><b>a</b>,pers00210,o4986-w0410
harmonious | erroneous," The song be perfectly harmonious,",o4986-l19105," If, without half a note erroneous,",o4986-l19100,/əʊniəs/ | /əʊniəs/,full,<b>a</b><b>a</b>,pers00210,o4986-w0410
ages | cages," What matter for the forms or ages,",o4986-l19110," Of bills, of feathers, and of cages? ",o4986-l19115,/eɪdʒɪz/ | /eɪdʒɪz/,full,<b>a</b><b>a</b>,pers00210,o4986-w0410
cages | ages," Of bills, of feathers, and of cages? ",o4986-l19115," What matter for the forms or ages,",o4986-l19110,/eɪdʒɪz/ | /eɪdʒɪz/,full,<b>a</b><b>a</b>,pers00210,o4986-w0410
more | forty-four,"DEAN SWIFT, whose talent lives no more,",o4986-l19120, His Stella sung at forty-four;,o4986-l19125,/ɔː/ | /ɔː/,full,<b>a</b><b>a</b>,pers00210,o4986-w0410
forty-four | more, His Stella sung at forty-four;,o4986-l19125,"DEAN SWIFT, whose talent lives no more,",o4986-l19120,/ɔː/ | /ɔː/,full,<b>a</b><b>a</b>,pers00210,o4986-w0410
split | wit, And breath'd an idle wish to split,o4986-l19130," In twain her beauty, years, and wit —",o4986-l19135,/ɪt/ | /ɪt/,full,<b>a</b><b>a</b>,pers00210,o4986-w0410
wit | split," In twain her beauty, years, and wit —",o4986-l19135, And breath'd an idle wish to split,o4986-l19130,/ɪt/ | /ɪt/,full,<b>a</b><b>a</b>,pers00210,o4986-w0410
proffer | offer, Of half her charms he made a proffer,o4986-l19140, For youth; but Time disdain'd his offer. ,o4986-l19145,/ɒfə/ | /ɒfə/,full,<b>a</b><b>a</b>,pers00210,o4986-w0410
offer | proffer, For youth; but Time disdain'd his offer. ,o4986-l19145, Of half her charms he made a proffer,o4986-l19140,/ɒfə/ | /ɒfə/,full,<b>a</b><b>a</b>,pers00210,o4986-w0410
spare | share,"Far happier I, who well could spare,",o4986-l19150," Of each accomplishment a share,",o4986-l19155,/eə/ | /eə/,full,<b>a</b><b>a</b>,pers00210,o4986-w0410
share | spare," Of each accomplishment a share,",o4986-l19155,"Far happier I, who well could spare,",o4986-l19150,/eə/ | /eə/,full,<b>a</b><b>a</b>,pers00210,o4986-w0410
charms | arms," Yet leave an ample store of charms,",o4986-l19160," To bring Elysium to my arms,",o4986-l19165,/ɑːmz/ | /ɑːmz/,full,<b>a</b><b>a</b>,pers00210,o4986-w0410
arms | charms," To bring Elysium to my arms,",o4986-l19165," Yet leave an ample store of charms,",o4986-l19160,/ɑːmz/ | /ɑːmz/,full,<b>a</b><b>a</b>,pers00210,o4986-w0410
barter | quarter," Am not reduc'd those charms to barter,",o4986-l19170, And cry to heedless Time for quarter —,o4986-l19175,/ɑːtə/ | /ɔːtə/,half-pararhyme,<b>a</b><b>a</b>,pers00210,o4986-w0410
quarter | barter, And cry to heedless Time for quarter —,o4986-l19175," Am not reduc'd those charms to barter,",o4986-l19170,/ɔːtə/ | /ɑːtə/,half-pararhyme,<b>a</b><b>a</b>,pers00210,o4986-w0410
wing | spring," Fly, Sluggard, on thy swiftest wing,",o4986-l19180, My charmer yields not All till Spring! ,o4986-l19185,/ɪŋ/ | /ɪŋ/,full,<b>a</b><b>a</b>,pers00210,o4986-w0410
spring | wing, My charmer yields not All till Spring! ,o4986-l19185," Fly, Sluggard, on thy swiftest wing,",o4986-l19180,/ɪŋ/ | /ɪŋ/,full,<b>a</b><b>a</b>,pers00210,o4986-w0410
reliance | defiance,"Then, firm in Constancy's reliance,",o4986-l19190, I bid thy cruel scythe defiance;,o4986-l19195,/aɪəns/ | /aɪəns/,full,<b>a</b><b>a</b>,pers00210,o4986-w0410
defiance | reliance, I bid thy cruel scythe defiance;,o4986-l19195,"Then, firm in Constancy's reliance,",o4986-l19190,/aɪəns/ | /aɪəns/,full,<b>a</b><b>a</b>,pers00210,o4986-w0410
blow | below," Deal when thou wilt the deadly blow,",o4986-l19200," Thou canst but separate below,",o4986-l19205,/əʊ/ | /əʊ/,full,<b>a</b><b>a</b>,pers00210,o4986-w0410
below | blow," Thou canst but separate below,",o4986-l19205," Deal when thou wilt the deadly blow,",o4986-l19200,/əʊ/ | /əʊ/,full,<b>a</b><b>a</b>,pers00210,o4986-w0410
sever | ever," Thy first can but for moments sever,",o4986-l19210, Thy second re-unites for ever. ,o4986-l19215,/evə/ | /evə/,full,<b>a</b><b>a</b>,pers00210,o4986-w0410
ever | sever, Thy second re-unites for ever. ,o4986-l19215," Thy first can but for moments sever,",o4986-l19210,/evə/ | /evə/,full,<b>a</b><b>a</b>,pers00210,o4986-w0410
rage | age,"Perhaps, suspending mortal rage,",o4986-l19220," By silent sap, and creeping age,",o4986-l19225,/eɪdʒ/ | /eɪdʒ/,full,<b>a</b><b>a</b>,pers00210,o4986-w0410
age | rage," By silent sap, and creeping age,",o4986-l19225,"Perhaps, suspending mortal rage,",o4986-l19220,/eɪdʒ/ | /eɪdʒ/,full,<b>a</b><b>a</b>,pers00210,o4986-w0410
approaches | incroaches," By subtile, secret, slow approaches,",o4986-l19230," As mildew on the blade incroaches,",o4986-l19235,/əʊtʃɪz/ | /əʊtʃɪz/,full,<b>a</b><b>a</b>,pers00210,o4986-w0410
incroaches | approaches," As mildew on the blade incroaches,",o4986-l19235," By subtile, secret, slow approaches,",o4986-l19230,/əʊtʃɪz/ | /əʊtʃɪz/,full,<b>a</b><b>a</b>,pers00210,o4986-w0410
tame | flame," Thou hop'st, malignant fiend! to tame",o4986-l19240, The ardour of love's fiercest flame —,o4986-l19245,/eɪm/ | /eɪm/,full,<b>a</b><b>a</b>,pers00210,o4986-w0410
flame | tame, The ardour of love's fiercest flame —,o4986-l19245," Thou hop'st, malignant fiend! to tame",o4986-l19240,/eɪm/ | /eɪm/,full,<b>a</b><b>a</b>,pers00210,o4986-w0410
blast | past," Vain shalt thou find thy keenest blast,",o4986-l19250," Bliss once possess'd, thy power is past. ",o4986-l19255,/ɑːst/ | /ɑːst/,full,<b>a</b><b>a</b>,pers00210,o4986-w0410
past | blast," Bliss once possess'd, thy power is past. ",o4986-l19255," Vain shalt thou find thy keenest blast,",o4986-l19250,/ɑːst/ | /ɑːst/,full,<b>a</b><b>a</b>,pers00210,o4986-w0410
destroy | joy,"Can years, while sense remains, destroy",o4986-l19260, The memory of transcendent joy? ,o4986-l19265,/ɔɪ/ | /ɔɪ/,full,<b>a</b><b>a</b>,pers00210,o4986-w0410
joy | destroy, The memory of transcendent joy? ,o4986-l19265,"Can years, while sense remains, destroy",o4986-l19260,/ɔɪ/ | /ɔɪ/,full,<b>a</b><b>a</b>,pers00210,o4986-w0410
impair | fair,Can years bright Innocence impair? ,o4986-l19270,Can years make Virtue look less fair? ,o4986-l19275,/eə/ | /eə/,full,<b>a</b><b>a</b>,pers00210,o4986-w0410
fair | impair,Can years make Virtue look less fair? ,o4986-l19275,Can years bright Innocence impair? ,o4986-l19270,/eə/ | /eə/,full,<b>a</b><b>a</b>,pers00210,o4986-w0410
cursed | worst,"But Beauty, by thy influence curst,",o4986-l19280," May sicken — Tyrant, do thy worst! ",o4986-l19285,/ɜːst/ | /ɜːst/,full,<b>a</b><b>a</b>,pers00210,o4986-w0410
worst | cursed," May sicken — Tyrant, do thy worst! ",o4986-l19285,"But Beauty, by thy influence curst,",o4986-l19280,/ɜːst/ | /ɜːst/,full,<b>a</b><b>a</b>,pers00210,o4986-w0410
prepared | unscared,"I know thy power, and am prepar'd",o4986-l19290, To meet thy sharpest darts unscar'd. ,o4986-l19295,/eəd/ | /ɑːd/,half-pararhyme,<b>a</b><b>a</b>,pers00210,o4986-w0410
unscared | prepared, To meet thy sharpest darts unscar'd. ,o4986-l19295,"I know thy power, and am prepar'd",o4986-l19290,/ɑːd/ | /eəd/,half-pararhyme,<b>a</b><b>a</b>,pers00210,o4986-w0410
control | soul,"Though Body, Mind, thou canst controul,",o4986-l19300, Own thy survivor in the Soul;,o4986-l19305,/əʊl/ | /əʊl/,full,<b>a</b><b>a</b>,pers00210,o4986-w0410
soul | control, Own thy survivor in the Soul;,o4986-l19305,"Though Body, Mind, thou canst controul,",o4986-l19300,/əʊl/ | /əʊl/,full,<b>a</b><b>a</b>,pers00210,o4986-w0410
enjoyed | destroyed," Whose perfect bliss is not enjoy'd,",o4986-l19310, Till thou art utterly destroy'd. ,o4986-l19315,/ɔɪd/ | /ɔɪd/,full,<b>a</b><b>a</b>,pers00210,o4986-w0410
destroyed | enjoyed, Till thou art utterly destroy'd. ,o4986-l19315," Whose perfect bliss is not enjoy'd,",o4986-l19310,/ɔɪd/ | /ɔɪd/,full,<b>a</b><b>a</b>,pers00210,o4986-w0410
fail | prevail,"Ev'n here, as health and beauty fail,",o4986-l19320," While lilies o'er the rose prevail,",o4986-l19325,/eɪl/ | /eɪl/,full,<b>a</b><b>a</b>,pers00210,o4986-w0410
prevail | fail," While lilies o'er the rose prevail,",o4986-l19325,"Ev'n here, as health and beauty fail,",o4986-l19320,/eɪl/ | /eɪl/,full,<b>a</b><b>a</b>,pers00210,o4986-w0410
harm | charm," Long ere thy menac'd ills can harm,",o4986-l19330, Though every hour should steal a charm —,o4986-l19335,/ɑːm/ | /ɑːm/,full,<b>a</b><b>a</b>,pers00210,o4986-w0410
charm | harm, Though every hour should steal a charm —,o4986-l19335," Long ere thy menac'd ills can harm,",o4986-l19330,/ɑːm/ | /ɑːm/,full,<b>a</b><b>a</b>,pers00210,o4986-w0410
day | away," Long ere, by twenty stars a day,",o4986-l19340, The spangled Heavens would wear away. ,o4986-l19345,/eɪ/ | /eɪ/,full,<b>a</b><b>a</b>,pers00210,o4986-w0410
away | day, The spangled Heavens would wear away. ,o4986-l19345," Long ere, by twenty stars a day,",o4986-l19340,/eɪ/ | /eɪ/,full,<b>a</b><b>a</b>,pers00210,o4986-w0410
wane | gain,"Unconscious of the gradual wane,",o4986-l19350," As years their empire slowly gain,",o4986-l19355,/eɪn/ | /eɪn/,full,<b>a</b><b>a</b>,pers00210,o4986-w0410
gain | wane," As years their empire slowly gain,",o4986-l19355,"Unconscious of the gradual wane,",o4986-l19350,/eɪn/ | /eɪn/,full,<b>a</b><b>a</b>,pers00210,o4986-w0410
race | pace," While my Ideas, in the race,",o4986-l19360," Observe a due-proportioned pace,",o4986-l19365,/eɪs/ | /eɪsi/,half-vowelrhyme,<b>a</b><b>a</b>,pers00210,o4986-w0410
pace | race," Observe a due-proportioned pace,",o4986-l19365," While my Ideas, in the race,",o4986-l19360,/eɪsi/ | /eɪs/,half-vowelrhyme,<b>a</b><b>a</b>,pers00210,o4986-w0410
falter | alter," And limbs grow cold, and senses faulter,",o4986-l19370, I sha'nt perceive her Person alter. ,o4986-l19375,/ɒltə/ | /ɔːltə/,half-pararhyme,<b>a</b><b>a</b>,pers00210,o4986-w0410
alter | falter, I sha'nt perceive her Person alter. ,o4986-l19375," And limbs grow cold, and senses faulter,",o4986-l19370,/ɔːltə/ | /ɒltə/,half-pararhyme,<b>a</b><b>a</b>,pers00210,o4986-w0410
beguiles | smiles,"When Age her dimpled cheek beguiles,",o4986-l19380," And wrinkles plants, instead of smiles,",o4986-l19385,/aɪlz/ | /aɪlz/,full,<b>a</b><b>a</b>,pers00210,o4986-w0410
smiles | beguiles," And wrinkles plants, instead of smiles,",o4986-l19385,"When Age her dimpled cheek beguiles,",o4986-l19380,/aɪlz/ | /aɪlz/,full,<b>a</b><b>a</b>,pers00210,o4986-w0410
smother | mother," Though every Cupid he should smother,",o4986-l19390, I'll think her handsome as their mother. ,o4986-l19395,/ʌðə/ | /ʌðə/,full,<b>a</b><b>a</b>,pers00210,o4986-w0410
mother | smother, I'll think her handsome as their mother. ,o4986-l19395," Though every Cupid he should smother,",o4986-l19390,/ʌðə/ | /ʌðə/,full,<b>a</b><b>a</b>,pers00210,o4986-w0410
plan | anne,"When, steady to his barbarous plan,",o4986-l19400," To spoil my lovely MARY ANNE,",o4986-l19405,/æn/ | /æn/,full,<b>a</b><b>a</b>,pers00210,o4986-w0410
anne | plan," To spoil my lovely MARY ANNE,",o4986-l19405,"When, steady to his barbarous plan,",o4986-l19400,/æn/ | /æn/,full,<b>a</b><b>a</b>,pers00210,o4986-w0410
creature | feature, The savage unrelenting creature,o4986-l19410," Has robb'd her face of every feature,",o4986-l19415,/iːtʃə/ | /iːtʃə/,full,<b>a</b><b>a</b>,pers00210,o4986-w0410
feature | creature," Has robb'd her face of every feature,",o4986-l19415, The savage unrelenting creature,o4986-l19410,/iːtʃə/ | /iːtʃə/,full,<b>a</b><b>a</b>,pers00210,o4986-w0410
common | woman," And, to conceptions merely common,",o4986-l19420," My charmer seems a plain old woman,",o4986-l19425,/ɒmən/ | /ʊmən/,half-vowelrhyme,<b>a</b><b>a</b>,pers00210,o4986-w0410
woman | common," My charmer seems a plain old woman,",o4986-l19425," And, to conceptions merely common,",o4986-l19420,/ʊmən/ | /ɒmən/,half-vowelrhyme,<b>a</b><b>a</b>,pers00210,o4986-w0410
throne | twenty-one," Still in my heart she'll hold her throne,",o4986-l19430, Still in my eyes be twenty-one. ,o4986-l19435,/əʊn/ | /ʌn/,half-pararhyme,<b>a</b><b>a</b>,pers00210,o4986-w0410
twenty-one | throne, Still in my eyes be twenty-one. ,o4986-l19435," Still in my heart she'll hold her throne,",o4986-l19430,/ʌn/ | /əʊn/,half-pararhyme,<b>a</b><b>a</b>,pers00210,o4986-w0410
